event_id,station,phase_type,phase_hint,pick_time,source,fetched_at
quakeml:eu.emsc/event/20230206_0000015,GURO,P,Pn,2023-02-06T01:48:04.580000Z,isc_analyst,2026-09-12T21:54:27.315473+00:00
quakeml:eu.emsc/event/20230206_0000015,GURO,S,Sn,2023-02-06T01:48:22.500000Z,isc_analyst,2026-09-12T21:54:27.315493+00:00
quakeml:eu.emsc/event/20230206_0000472,GAZ,P,Pg,2023-02-06T20:44:18.590000Z,isc_analyst,2026-09-12T21:54:33.132857+00:00
quakeml:eu.emsc/event/20230206_0000472,GAZ,S,Sn,2023-02-06T20:44:33.840000Z,isc_analyst,2026-09-12T21:54:33.132873+00:00
smi:ISC/evid=642917516,BODT,P,P,2025-02-09T19:17:09.130000Z,isc_analyst,2026-09-12T21:56:20.140307+00:00
us6000ddkk,DKL,P,Pg,2021-02-01T05:48:07.160000Z,isc_analyst,2026-09-13T08:48:02.499834+00:00
us6000ddkp,DKL,P,Pg,2021-02-01T06:00:18.640000Z,isc_analyst,2026-09-13T08:48:07.468555+00:00
us6000ddkp,DKL,S,Sg,2021-02-01T06:00:28.080000Z,isc_analyst,2026-09-13T08:48:07.468576+00:00
us6000ddle,DKL,P,Pg,2021-02-01T08:35:30.390000Z,isc_analyst,2026-09-13T08:48:14.409723+00:00
us6000ddle,DKL,S,Sg,2021-02-01T08:35:39.650000Z,isc_analyst,2026-09-13T08:48:14.409747+00:00
us6000ddmm,DKL,S,Sg,2021-02-01T13:10:37.630000Z,isc_analyst,2026-09-13T08:48:19.261815+00:00
us6000ddmm,DKL,P,Pg,2021-02-01T13:10:29.100000Z,isc_analyst,2026-09-13T08:48:19.261837+00:00
us6000ddra,DKL,P,Pg,2021-02-01T20:46:29.020000Z,isc_analyst,2026-09-13T08:48:24.385067+00:00
us6000dds6,BNN,P,Pg,2021-02-02T00:02:49.740000Z,isc_analyst,2026-09-13T08:48:29.135706+00:00
us6000dds6,BNN,S,Sg,2021-02-02T00:02:55.400000Z,isc_analyst,2026-09-13T08:48:29.135723+00:00
us6000dfvn,DKL,P,Pg,2021-02-01T05:48:07.160000Z,isc_analyst,2026-09-13T08:48:39.754637+00:00
us6000dgvq,BZK,P,Pg,2021-02-12T03:38:08.420000Z,isc_analyst,2026-09-13T08:48:47.037091+00:00
us6000dgvq,BZK,S,Sg,2021-02-12T03:38:17.220000Z,isc_analyst,2026-09-13T08:48:47.037112+00:00
us6000e1pd,DKL,P,Pg,2021-04-15T04:10:33.380000Z,isc_analyst,2026-09-13T08:49:14.711723+00:00
us6000e1pd,DKL,S,Sg,2021-04-15T04:10:42.420000Z,isc_analyst,2026-09-13T08:49:14.711740+00:00
us6000ez0a,GAZ,P,Pg,2021-07-25T20:55:17.180000Z,isc_analyst,2026-09-13T08:49:52.823007+00:00
us6000ez0a,GAZ,S,Sg,2021-07-25T20:55:26.350000Z,isc_analyst,2026-09-13T08:49:52.823025+00:00
us6000g9c1,GURO,P,Pn,2021-12-05T21:47:08.900000Z,isc_analyst,2026-09-13T08:51:28.240428+00:00
us6000jllz,KMRS,P,Pg,2023-02-06T01:17:38.940000Z,isc_analyst,2026-09-13T08:53:23.002990+00:00
us6000jlm9,GAZ,P,Pg,2023-02-06T01:36:36.660000Z,isc_analyst,2026-09-13T08:53:35.097521+00:00
us6000jlm9,GAZ,S,Sg,2023-02-06T01:36:42.310000Z,isc_analyst,2026-09-13T08:53:35.097543+00:00
us6000jlmd,URFA,P,Pg,2023-02-06T01:48:26.780000Z,isc_analyst,2026-09-13T08:53:38.608647+00:00
us6000jlmd,URFA,S,Sg,2023-02-06T01:48:39.350000Z,isc_analyst,2026-09-13T08:53:38.608662+00:00
us6000jlmf,GAZ,S,Sg,2023-02-06T01:58:38.870000Z,isc_analyst,2026-09-13T08:53:42.922346+00:00
us6000jlmf,GAZ,P,Pg,2023-02-06T01:58:32.900000Z,isc_analyst,2026-09-13T08:53:42.922362+00:00
us6000jlmh,GAZ,P,Pn,2023-02-06T02:03:53.060000Z,isc_analyst,2026-09-13T08:53:48.634480+00:00
us6000jlmh,GAZ,S,Sg,2023-02-06T02:04:03.350000Z,isc_analyst,2026-09-13T08:53:48.634497+00:00
us6000jlmh,URFA,P,Pn,2023-02-06T02:03:54.330000Z,isc_analyst,2026-09-13T08:53:48.634503+00:00
us6000jlmh,URFA,S,Sn,2023-02-06T02:04:05.290000Z,isc_analyst,2026-09-13T08:53:48.634508+00:00
us6000jlmm,GAZ,P,Pg,2023-02-06T02:17:48.220000Z,isc_analyst,2026-09-13T08:53:52.043135+00:00
us6000jlmm,GAZ,S,Sg,2023-02-06T02:17:54.030000Z,isc_analyst,2026-09-13T08:53:52.043150+00:00
us6000jlmn,GAZ,P,Pg,2023-02-06T02:23:18.460000Z,isc_analyst,2026-09-13T08:53:57.368185+00:00
us6000jlmn,GAZ,S,Sg,2023-02-06T02:23:21.360000Z,isc_analyst,2026-09-13T08:53:57.368202+00:00
us6000jlmy,GAZ,P,Pg,2023-02-06T02:01:49.520000Z,isc_analyst,2026-09-13T08:54:06.327981+00:00
us6000jlmy,GAZ,S,Sg,2023-02-06T02:01:52.560000Z,isc_analyst,2026-09-13T08:54:06.327999+00:00
us6000jlmy,KMRS,P,Pg,2023-02-06T02:01:50.420000Z,isc_analyst,2026-09-13T08:54:06.328004+00:00
us6000jln0,URFA,P,Pn,2023-02-06T03:05:00.630000Z,isc_analyst,2026-09-13T08:54:10.169778+00:00
us6000jln0,URFA,S,Sg,2023-02-06T03:05:10.160000Z,isc_analyst,2026-09-13T08:54:10.169796+00:00
us6000jln3,GAZ,P,Pn,2023-02-06T03:10:35.290000Z,isc_analyst,2026-09-13T08:54:13.032482+00:00
us6000jln3,GAZ,S,Sn,2023-02-06T03:10:46.530000Z,isc_analyst,2026-09-13T08:54:13.032500+00:00
us6000jln9,URFA,P,Pn,2023-02-06T03:46:05.480000Z,isc_analyst,2026-09-13T08:54:17.462276+00:00
us6000jln9,URFA,S,Sn,2023-02-06T03:46:14.520000Z,isc_analyst,2026-09-13T08:54:17.462294+00:00
us6000jlnd,GAZ,P,Pg,2023-02-06T04:16:56.250000Z,isc_analyst,2026-09-13T08:54:22.920766+00:00
us6000jlnd,GAZ,S,Sg,2023-02-06T04:17:01.290000Z,isc_analyst,2026-09-13T08:54:22.920783+00:00
us6000jlnf,URFA,P,Pn,2023-02-06T04:19:02.650000Z,isc_analyst,2026-09-13T08:54:28.302430+00:00
us6000jlnf,URFA,S,Sg,2023-02-06T04:19:12.730000Z,isc_analyst,2026-09-13T08:54:28.302447+00:00
us6000jlns,GAZ,P,Pg,2023-02-06T04:48:11.590000Z,isc_analyst,2026-09-13T08:54:38.754565+00:00
us6000jlns,GAZ,S,Sg,2023-02-06T04:48:21.400000Z,isc_analyst,2026-09-13T08:54:38.754582+00:00
us6000jlnu,GAZ,P,Pg,2023-02-06T04:56:11.210000Z,isc_analyst,2026-09-13T08:54:41.386564+00:00
us6000jlnu,GAZ,S,Sg,2023-02-06T04:56:16.070000Z,isc_analyst,2026-09-13T08:54:41.386578+00:00
us6000jlnv,GAZ,P,Pn,2023-02-06T05:02:06.450000Z,isc_analyst,2026-09-13T08:54:45.154671+00:00
us6000jlnv,GAZ,S,Sn,2023-02-06T05:02:19.140000Z,isc_analyst,2026-09-13T08:54:45.154686+00:00
us6000jlp1,URFA,P,Pg,2023-02-06T05:56:04.860000Z,isc_analyst,2026-09-13T08:54:52.085579+00:00
us6000jlp9,GAZ,P,Pg,2023-02-06T06:55:08.480000Z,isc_analyst,2026-09-13T08:54:56.079419+00:00
us6000jlp9,GAZ,S,Sg,2023-02-06T06:55:16.570000Z,isc_analyst,2026-09-13T08:54:56.079435+00:00
us6000jlpb,GAZ,P,Pg,2023-02-06T07:08:47.130000Z,isc_analyst,2026-09-13T08:54:58.907893+00:00
us6000jlpb,GAZ,S,Sg,2023-02-06T07:08:57.960000Z,isc_analyst,2026-09-13T08:54:58.907909+00:00
us6000jlpp,GAZ,P,Pg,2023-02-06T08:02:02.640000Z,isc_analyst,2026-09-13T08:55:04.158137+00:00
us6000jlpv,GAZ,S,Sg,2023-02-06T08:52:48.560000Z,isc_analyst,2026-09-13T08:55:07.590989+00:00
us6000jlpv,GAZ,P,Pg,2023-02-06T08:52:42.970000Z,isc_analyst,2026-09-13T08:55:07.591004+00:00
us6000jlq1,GAZ,S,Sg,2023-02-06T09:24:08.790000Z,isc_analyst,2026-09-13T08:55:13.384671+00:00
us6000jlq1,GAZ,P,Pg,2023-02-06T09:23:57.560000Z,isc_analyst,2026-09-13T08:55:13.384687+00:00
us6000jlq2,GAZ,P,Pg,2023-02-06T09:21:12.880000Z,isc_analyst,2026-09-13T08:55:16.014682+00:00
us6000jlq2,URFA,S,Sg,2023-02-06T09:21:27.190000Z,isc_analyst,2026-09-13T08:55:16.014699+00:00
us6000jlq2,URFA,P,Pn,2023-02-06T09:21:18.010000Z,isc_analyst,2026-09-13T08:55:16.014707+00:00
us6000jlqa,SARI,P,Pg,2023-02-06T10:25:01.760000Z,isc_analyst,2026-09-13T08:55:29.765940+00:00
us6000jlqm,GAZ,P,Pg,2023-02-06T10:51:10.880000Z,isc_analyst,2026-09-13T08:55:47.496525+00:00
us6000jlqr,SARI,P,Pg,2023-02-06T11:05:42.940000Z,isc_analyst,2026-09-13T08:55:51.110998+00:00
us6000jlqr,SARI,S,Sg,2023-02-06T11:05:48.210000Z,isc_analyst,2026-09-13T08:55:51.111017+00:00
us6000jlqx,GAZ,S,Sg,2023-02-06T11:12:07.630000Z,isc_analyst,2026-09-13T08:55:54.554603+00:00
us6000jlqx,GAZ,P,Pg,2023-02-06T11:11:55.650000Z,isc_analyst,2026-09-13T08:55:54.554621+00:00
us6000jlqy,GAZ,P,Pg,2023-02-06T11:01:50.010000Z,isc_analyst,2026-09-13T08:55:57.274455+00:00
us6000jlr7,SARI,S,Sg,2023-02-06T11:39:54.320000Z,isc_analyst,2026-09-13T08:56:00.534896+00:00
us6000jlr7,SARI,P,Pg,2023-02-06T11:39:48.700000Z,isc_analyst,2026-09-13T08:56:00.534912+00:00
us6000jlr9,GAZ,P,Pg,2023-02-06T11:35:43.200000Z,isc_analyst,2026-09-13T08:56:03.733174+00:00
us6000jlr9,GAZ,S,Sn,2023-02-06T11:35:55.680000Z,isc_analyst,2026-09-13T08:56:03.733190+00:00
us6000jlra,SARI,P,Pn,2023-02-06T11:51:42.880000Z,isc_analyst,2026-09-13T08:56:06.325171+00:00
us6000jlrc,SARI,S,Sg,2023-02-06T12:02:23.270000Z,isc_analyst,2026-09-13T08:56:17.360633+00:00
us6000jlrc,SARI,P,Pg,2023-02-06T12:02:18.110000Z,isc_analyst,2026-09-13T08:56:17.360650+00:00
us6000jlrg,GAZ,P,Pg,2023-02-06T12:14:02.720000Z,isc_analyst,2026-09-13T08:56:20.639702+00:00
us6000jlrg,GAZ,S,Sn,2023-02-06T12:14:14.880000Z,isc_analyst,2026-09-13T08:56:20.639720+00:00
us6000jlrj,URFA,P,Pn,2023-02-06T12:35:00.550000Z,isc_analyst,2026-09-13T08:56:24.377253+00:00
us6000jlrq,SARI,P,Pg,2023-02-06T12:54:49.350000Z,isc_analyst,2026-09-13T08:56:30.947674+00:00
us6000jlrv,SARI,S,Sg,2023-02-06T13:08:12.560000Z,isc_analyst,2026-09-13T08:56:37.082292+00:00
us6000jlrv,SARI,P,Pg,2023-02-06T13:08:01.230000Z,isc_analyst,2026-09-13T08:56:37.082308+00:00
us6000jls0,SARI,P,Pg,2023-02-06T13:17:49.700000Z,isc_analyst,2026-09-13T08:56:43.422875+00:00
us6000jls0,SARI,S,Sg,2023-02-06T13:17:54.940000Z,isc_analyst,2026-09-13T08:56:43.422891+00:00
us6000jls6,GAZ,P,Pg,2023-02-06T13:45:06.180000Z,isc_analyst,2026-09-13T08:56:51.932144+00:00
us6000jls6,GAZ,S,Sg,2023-02-06T13:45:17.250000Z,isc_analyst,2026-09-13T08:56:51.932164+00:00
us6000jlsb,GAZ,P,Pg,2023-02-06T14:10:20.990000Z,isc_analyst,2026-09-13T08:56:54.862651+00:00
us6000jlse,GAZ,S,Sg,2023-02-06T14:28:04.710000Z,isc_analyst,2026-09-13T08:56:57.966968+00:00
us6000jlse,GAZ,P,Pg,2023-02-06T14:27:55.630000Z,isc_analyst,2026-09-13T08:56:57.966983+00:00
us6000jlsf,SARI,P,Pg,2023-02-06T14:30:05.610000Z,isc_analyst,2026-09-13T08:57:00.990408+00:00
us6000jlsf,SARI,S,Sg,2023-02-06T14:30:10.970000Z,isc_analyst,2026-09-13T08:57:00.990426+00:00
us6000jlsg,GAZ,P,Pg,2023-02-06T06:26:33.200000Z,isc_analyst,2026-09-13T08:57:04.163925+00:00
us6000jlsg,GAZ,S,Sg,2023-02-06T06:26:36.280000Z,isc_analyst,2026-09-13T08:57:04.163939+00:00
us6000jlt1,SARI,S,Sg,2023-02-06T16:26:52.580000Z,isc_analyst,2026-09-13T08:57:23.965139+00:00
us6000jlt1,SARI,P,Pg,2023-02-06T16:26:46.790000Z,isc_analyst,2026-09-13T08:57:23.965155+00:00
us6000jlt5,SARI,P,Pg,2023-02-06T16:28:29.060000Z,isc_analyst,2026-09-13T08:57:28.474817+00:00
us6000jlt7,GAZ,S,Sg,2023-02-06T16:32:37.780000Z,isc_analyst,2026-09-13T08:57:32.348465+00:00
us6000jlt7,GAZ,P,Pg,2023-02-06T16:32:26.020000Z,isc_analyst,2026-09-13T08:57:32.348481+00:00
us6000jlta,SARI,P,Pg,2023-02-06T16:43:35.720000Z,isc_analyst,2026-09-13T08:57:36.934680+00:00
us6000jlta,SARI,S,Sg,2023-02-06T16:43:41.890000Z,isc_analyst,2026-09-13T08:57:36.934697+00:00
us6000jlwh,SARI,S,Sg,2023-02-06T17:26:36.860000Z,isc_analyst,2026-09-13T08:57:43.461555+00:00
us6000jlwh,SARI,P,Pg,2023-02-06T17:26:31.750000Z,isc_analyst,2026-09-13T08:57:43.461571+00:00
us6000jm1p,SARI,S,Sg,2023-02-06T18:04:07.600000Z,isc_analyst,2026-09-13T08:57:55.109065+00:00
us6000jm1p,SARI,P,Pg,2023-02-06T18:04:01.100000Z,isc_analyst,2026-09-13T08:57:55.109083+00:00
us6000jm29,SARI,S,Sg,2023-02-06T20:05:46.730000Z,isc_analyst,2026-09-13T08:58:12.413800+00:00
us6000jm29,BNN,S,Sn,2023-02-06T20:06:05.080000Z,isc_analyst,2026-09-13T08:58:12.413821+00:00
us6000jm29,SARI,P,Pg,2023-02-06T20:05:41.730000Z,isc_analyst,2026-09-13T08:58:12.413827+00:00
us6000jm2r,GAZ,P,Pg,2023-02-06T20:37:54.700000Z,isc_analyst,2026-09-13T08:58:18.721282+00:00
us6000jm2t,SARI,S,Sg,2023-02-06T20:44:15.880000Z,isc_analyst,2026-09-13T08:58:22.940323+00:00
us6000jm2t,SARI,P,Pg,2023-02-06T20:44:08.950000Z,isc_analyst,2026-09-13T08:58:22.940342+00:00
us6000jm2x,GAZ,P,Pg,2023-02-06T21:02:20.240000Z,isc_analyst,2026-09-13T08:58:32.744917+00:00
us6000jm2x,GAZ,S,Sg,2023-02-06T21:02:30.630000Z,isc_analyst,2026-09-13T08:58:32.744935+00:00
us6000jm2x,KMRS,P,Pn,2023-02-06T21:02:22.360000Z,isc_analyst,2026-09-13T08:58:32.744941+00:00
us6000jm2x,KMRS,S,Sn,2023-02-06T21:02:34.350000Z,isc_analyst,2026-09-13T08:58:32.744945+00:00
us6000jm30,SARI,P,Pg,2023-02-06T21:15:28.660000Z,isc_analyst,2026-09-13T08:58:37.800095+00:00
us6000jm30,SARI,S,Sg,2023-02-06T21:15:37.830000Z,isc_analyst,2026-09-13T08:58:37.800120+00:00
us6000jm3c,SARI,P,Pg,2023-02-06T21:57:50.780000Z,isc_analyst,2026-09-13T08:58:43.059645+00:00
us6000jm3c,SARI,S,Sg,2023-02-06T21:57:55.990000Z,isc_analyst,2026-09-13T08:58:43.059663+00:00
us6000jm3c,KMRS,P,Pg,2023-02-06T21:57:55.020000Z,isc_analyst,2026-09-13T08:58:43.059699+00:00
us6000jm4n,GAZ,S,Sg,2023-02-06T01:51:53.560000Z,isc_analyst,2026-09-13T08:58:48.873177+00:00
us6000jm4n,GAZ,P,Pg,2023-02-06T01:51:49.370000Z,isc_analyst,2026-09-13T08:58:48.873192+00:00
us6000jm4u,GURO,P,Pn,2023-02-06T01:48:04.580000Z,isc_analyst,2026-09-13T08:58:51.297464+00:00
us6000jm4u,GURO,S,Sn,2023-02-06T01:48:22.500000Z,isc_analyst,2026-09-13T08:58:51.297484+00:00
us6000jm5c,KMRS,P,Pg,2023-02-07T03:09:10.230000Z,isc_analyst,2026-09-13T08:58:59.037758+00:00
us6000jm5c,KMRS,S,Sg,2023-02-07T03:09:19.620000Z,isc_analyst,2026-09-13T08:58:59.037775+00:00
us6000jm5e,GAZ,P,Pg,2023-02-07T03:13:26.800000Z,isc_analyst,2026-09-13T08:59:06.299332+00:00
us6000jm5e,GAZ,S,Sg,2023-02-07T03:13:36.210000Z,isc_analyst,2026-09-13T08:59:06.299352+00:00
us6000jm69,SARI,P,Pg,2023-02-07T06:41:01.040000Z,isc_analyst,2026-09-13T08:59:09.360403+00:00
us6000jm69,SARI,S,Sg,2023-02-07T06:41:06.980000Z,isc_analyst,2026-09-13T08:59:09.360421+00:00
us6000jm69,KMRS,P,Pg,2023-02-07T06:41:05.120000Z,isc_analyst,2026-09-13T08:59:09.360427+00:00
us6000jm69,KMRS,S,Sg,2023-02-07T06:41:14.210000Z,isc_analyst,2026-09-13T08:59:09.360432+00:00
us6000jm6b,KMRS,S,Sg,2023-02-07T06:49:23.910000Z,isc_analyst,2026-09-13T08:59:12.794511+00:00
us6000jm6b,KMRS,P,Pg,2023-02-07T06:49:10.090000Z,isc_analyst,2026-09-13T08:59:12.794527+00:00
us6000jm6b,SARI,P,Pg,2023-02-07T06:49:09.700000Z,isc_analyst,2026-09-13T08:59:12.794532+00:00
us6000jm6b,SARI,S,Sn,2023-02-07T06:49:24.640000Z,isc_analyst,2026-09-13T08:59:12.794537+00:00
us6000jm7f,URFA,S,Sg,2023-02-07T10:18:38.560000Z,isc_analyst,2026-09-13T08:59:27.804123+00:00
us6000jm7f,URFA,P,Pg,2023-02-07T10:18:28.290000Z,isc_analyst,2026-09-13T08:59:27.804143+00:00
us6000jm7k,KMRS,P,Pg,2023-02-07T10:57:53.240000Z,isc_analyst,2026-09-13T08:59:34.211087+00:00
us6000jm7k,SARI,P,Pg,2023-02-07T10:57:56.820000Z,isc_analyst,2026-09-13T08:59:34.211102+00:00
us6000jm7k,KMRS,S,Sg,2023-02-07T10:57:58.940000Z,isc_analyst,2026-09-13T08:59:34.211108+00:00
us6000jm7k,SARI,S,Sg,2023-02-07T10:58:03.760000Z,isc_analyst,2026-09-13T08:59:34.211113+00:00
us6000jm95,GAZ,S,Sg,2023-02-07T15:31:37.100000Z,isc_analyst,2026-09-13T08:59:43.694780+00:00
us6000jm95,GAZ,P,Pg,2023-02-07T15:31:33.530000Z,isc_analyst,2026-09-13T08:59:43.694799+00:00
us6000jm95,KMRS,S,Sg,2023-02-07T15:31:36.600000Z,isc_analyst,2026-09-13T08:59:43.694805+00:00
us6000jm95,KMRS,P,Pg,2023-02-07T15:31:33.110000Z,isc_analyst,2026-09-13T08:59:43.694810+00:00
us6000jm96,KMRS,S,Sg,2023-02-07T15:49:13.160000Z,isc_analyst,2026-09-13T08:59:48.970340+00:00
us6000jm96,KMRS,P,Pg,2023-02-07T15:49:05.360000Z,isc_analyst,2026-09-13T08:59:48.970357+00:00
us6000jm96,SARI,P,Pg,2023-02-07T15:49:01.080000Z,isc_analyst,2026-09-13T08:59:48.970364+00:00
us6000jm96,SARI,S,Sg,2023-02-07T15:49:07.950000Z,isc_analyst,2026-09-13T08:59:48.970369+00:00
us6000jmat,KMRS,P,Pg,2023-02-07T18:10:11.550000Z,isc_analyst,2026-09-13T08:59:54.785334+00:00
us6000jmat,KMRS,S,Sg,2023-02-07T18:10:20.010000Z,isc_analyst,2026-09-13T08:59:54.785357+00:00
us6000jmat,SARI,P,Pg,2023-02-07T18:10:06.760000Z,isc_analyst,2026-09-13T08:59:54.785362+00:00
us6000jmat,SARI,S,Sg,2023-02-07T18:10:12.080000Z,isc_analyst,2026-09-13T08:59:54.785367+00:00
us6000jmbq,GURO,P,Pn,2023-02-07T19:54:52.700000Z,isc_analyst,2026-09-13T08:59:58.673626+00:00
us6000jmbq,GURO,S,Sn,2023-02-07T19:55:13.590000Z,isc_analyst,2026-09-13T08:59:58.673646+00:00
us6000jmc7,GAZ,S,Sg,2023-02-07T21:21:52.110000Z,isc_analyst,2026-09-13T09:00:03.284657+00:00
us6000jmc7,GAZ,P,Pg,2023-02-07T21:21:40.490000Z,isc_analyst,2026-09-13T09:00:03.284675+00:00
us6000jmc7,KMRS,P,Pg,2023-02-07T21:21:38.130000Z,isc_analyst,2026-09-13T09:00:03.284681+00:00
us6000jmc7,KMRS,S,Sg,2023-02-07T21:21:47.100000Z,isc_analyst,2026-09-13T09:00:03.284685+00:00
us6000jmg1,KMRS,P,Pg,2023-02-08T07:48:43.680000Z,isc_analyst,2026-09-13T09:00:15.361867+00:00
us6000jmg1,SARI,P,Pg,2023-02-08T07:48:39.010000Z,isc_analyst,2026-09-13T09:00:15.361884+00:00
us6000jmgf,KMRS,P,Pg,2023-02-08T11:12:06.510000Z,isc_analyst,2026-09-13T09:00:21.147212+00:00
us6000jmgg,KMRS,P,Pg,2023-02-08T11:24:14.490000Z,isc_analyst,2026-09-13T09:00:24.170185+00:00
us6000jmh3,GAZ,S,Sg,2023-02-08T14:20:52.380000Z,isc_analyst,2026-09-13T09:00:28.768450+00:00
us6000jmh3,KMRS,P,Pg,2023-02-08T14:20:37.410000Z,isc_analyst,2026-09-13T09:00:28.768466+00:00
us6000jmh3,GAZ,P,Pg,2023-02-08T14:20:41.340000Z,isc_analyst,2026-09-13T09:00:28.768472+00:00
us6000jmk0,KMRS,P,Pg,2023-02-08T19:05:30.080000Z,isc_analyst,2026-09-13T09:00:30.862123+00:00
us6000jmk0,SARI,P,Pg,2023-02-08T19:05:25.910000Z,isc_analyst,2026-09-13T09:00:30.862142+00:00
us6000jmkh,URFA,P,Pg,2023-02-08T20:12:24.070000Z,isc_analyst,2026-09-13T09:00:33.140491+00:00
us6000jmn0,URFA,P,Pn,2023-02-06T02:06:40.380000Z,isc_analyst,2026-09-13T09:00:38.964422+00:00
us6000jmn0,URFA,S,Sg,2023-02-06T02:06:49.520000Z,isc_analyst,2026-09-13T09:00:38.964436+00:00
us6000jmnp,GAZ,P,Pg,2023-02-09T07:18:26.490000Z,isc_analyst,2026-09-13T09:00:42.744418+00:00
us6000jmnp,GAZ,S,Sg,2023-02-09T07:18:33.340000Z,isc_analyst,2026-09-13T09:00:42.744434+00:00
us6000jmnp,KMRS,P,Pg,2023-02-09T07:18:27.460000Z,isc_analyst,2026-09-13T09:00:42.744439+00:00
us6000jn0h,URFA,S,Sg,2023-02-10T04:50:54.080000Z,isc_analyst,2026-09-13T09:00:48.800879+00:00
us6000jn0h,URFA,P,Pg,2023-02-10T04:50:41.510000Z,isc_analyst,2026-09-13T09:00:48.800895+00:00
us6000jn4r,KMRS,P,Pg,2023-02-10T17:01:03.160000Z,isc_analyst,2026-09-13T09:00:53.008094+00:00
us6000jn4r,KMRS,S,Sg,2023-02-10T17:01:12.200000Z,isc_analyst,2026-09-13T09:00:53.008110+00:00
us6000jn4r,SARI,P,Pg,2023-02-10T17:00:59.350000Z,isc_analyst,2026-09-13T09:00:53.008116+00:00
us6000jn4r,SARI,S,Sg,2023-02-10T17:01:07.170000Z,isc_analyst,2026-09-13T09:00:53.008121+00:00
us6000jn97,SARI,P,Pg,2023-02-11T06:28:19.910000Z,isc_analyst,2026-09-13T09:00:55.658025+00:00
us6000jn97,KMRS,P,Pg,2023-02-11T06:28:24.860000Z,isc_analyst,2026-09-13T09:00:55.658039+00:00
us6000jn97,SARI,S,Sg,2023-02-11T06:28:25.420000Z,isc_analyst,2026-09-13T09:00:55.658045+00:00
us6000jn97,KMRS,S,Sg,2023-02-11T06:28:33.670000Z,isc_analyst,2026-09-13T09:00:55.658049+00:00
us6000jn9a,GAZ,P,Pg,2023-02-11T07:55:46.870000Z,isc_analyst,2026-09-13T09:00:59.090431+00:00
us6000jn9a,GAZ,S,Sg,2023-02-11T07:55:50.790000Z,isc_analyst,2026-09-13T09:00:59.090446+00:00
us6000jnh1,GAZ,S,Sg,2023-02-12T18:33:25.290000Z,isc_analyst,2026-09-13T09:01:12.547026+00:00
us6000jnh1,GAZ,P,Pg,2023-02-12T18:33:20.770000Z,isc_analyst,2026-09-13T09:01:12.547046+00:00
us6000jnh1,KMRS,P,Pg,2023-02-12T18:33:17.870000Z,isc_analyst,2026-09-13T09:01:12.547052+00:00
us6000jnh1,KMRS,S,Sg,2023-02-12T18:33:20.030000Z,isc_analyst,2026-09-13T09:01:12.547057+00:00
us6000jnks,KMRS,P,Pg,2023-02-13T11:59:29.580000Z,isc_analyst,2026-09-13T09:01:16.383624+00:00
us6000jnks,KMRS,S,Sg,2023-02-13T11:59:38.580000Z,isc_analyst,2026-09-13T09:01:16.383640+00:00
us6000jnks,GAZ,S,Sg,2023-02-13T11:59:36.030000Z,isc_analyst,2026-09-13T09:01:16.383645+00:00
us6000jnks,GAZ,P,Pg,2023-02-13T11:59:28.230000Z,isc_analyst,2026-09-13T09:01:16.383650+00:00
us6000jnr6,GAZ,P,Pg,2023-02-06T01:51:32.000000Z,isc_analyst,2026-09-13T09:01:26.638951+00:00
us6000jnr6,GAZ,S,Sg,2023-02-06T01:51:38.510000Z,isc_analyst,2026-09-13T09:01:26.638966+00:00
us6000jns2,URFA,P,Pg,2023-02-06T05:33:27.100000Z,isc_analyst,2026-09-13T09:01:32.611249+00:00
us6000jns2,URFA,S,Sg,2023-02-06T05:33:37.310000Z,isc_analyst,2026-09-13T09:01:32.611265+00:00
us6000jns9,URFA,P,Pg,2023-02-06T01:48:26.780000Z,isc_analyst,2026-09-13T09:01:36.415246+00:00
us6000jns9,URFA,S,Sg,2023-02-06T01:48:39.350000Z,isc_analyst,2026-09-13T09:01:36.415262+00:00
us6000jnsi,GAZ,P,Pg,2023-02-06T02:32:17.400000Z,isc_analyst,2026-09-13T09:01:47.023287+00:00
us6000jnsi,KMRS,P,Pg,2023-02-06T02:32:12.930000Z,isc_analyst,2026-09-13T09:01:47.023304+00:00
us6000jnsi,KMRS,S,Sg,2023-02-06T02:32:18.060000Z,isc_analyst,2026-09-13T09:01:47.023310+00:00
us6000jnsi,GAZ,S,Sg,2023-02-06T02:32:22.860000Z,isc_analyst,2026-09-13T09:01:47.023316+00:00
us6000jnsj,GAZ,P,Pg,2023-02-06T02:34:56.410000Z,isc_analyst,2026-09-13T09:01:50.049490+00:00
us6000jnsj,GAZ,S,Sg,2023-02-06T02:34:59.090000Z,isc_analyst,2026-09-13T09:01:50.049505+00:00
us6000jnss,URFA,P,Pn,2023-02-06T05:40:53.680000Z,isc_analyst,2026-09-13T09:01:52.363456+00:00
us6000jnt0,SARI,P,Pg,2023-02-06T10:32:20.350000Z,isc_analyst,2026-09-13T09:01:54.833163+00:00
us6000jnt0,SARI,S,Sg,2023-02-06T10:32:32.540000Z,isc_analyst,2026-09-13T09:01:54.833176+00:00
us6000jnt4,GAZ,P,Pn,2023-02-06T10:55:28.500000Z,isc_analyst,2026-09-13T09:01:57.147000+00:00
us6000jnt5,SARI,P,Pg,2023-02-06T10:47:05.090000Z,isc_analyst,2026-09-13T09:01:59.546792+00:00
us6000jntl,URFA,P,Pn,2023-02-06T13:14:18.220000Z,isc_analyst,2026-09-13T09:02:04.135658+00:00
us6000jntl,GAZ,P,Pn,2023-02-06T13:14:18.740000Z,isc_analyst,2026-09-13T09:02:04.135676+00:00
us6000jntl,URFA,S,Sg,2023-02-06T13:14:26.780000Z,isc_analyst,2026-09-13T09:02:04.135681+00:00
us6000jnu4,SARI,P,Pn,2023-02-06T13:06:56.610000Z,isc_analyst,2026-09-13T09:02:16.223117+00:00
us6000jnu7,GAZ,S,Sn,2023-02-06T16:27:15.020000Z,isc_analyst,2026-09-13T09:02:22.735198+00:00
us6000jnu7,GAZ,P,Pg,2023-02-06T16:26:59.810000Z,isc_analyst,2026-09-13T09:02:22.735212+00:00
us6000jnw0,GAZ,P,Pg,2023-02-06T02:32:17.400000Z,isc_analyst,2026-09-13T09:02:38.826210+00:00
us6000jnw0,KMRS,P,Pg,2023-02-06T02:32:12.930000Z,isc_analyst,2026-09-13T09:02:38.826227+00:00
us6000jnw0,KMRS,S,Sg,2023-02-06T02:32:18.060000Z,isc_analyst,2026-09-13T09:02:38.826233+00:00
us6000jnw0,SARI,P,Pn,2023-02-06T02:32:28.510000Z,isc_analyst,2026-09-13T09:02:38.826238+00:00
us6000jnw0,GAZ,S,Sg,2023-02-06T02:32:22.860000Z,isc_analyst,2026-09-13T09:02:38.826243+00:00
us6000jnw7,SARI,P,Pg,2023-02-06T10:47:05.090000Z,isc_analyst,2026-09-13T09:02:41.269529+00:00
us6000jnwh,URFA,P,Pn,2023-02-06T06:26:52.030000Z,isc_analyst,2026-09-13T09:02:44.110570+00:00
us6000jnwy,SARI,S,Sg,2023-02-06T16:26:52.580000Z,isc_analyst,2026-09-13T09:02:50.878641+00:00
us6000jnwy,SARI,P,Pg,2023-02-06T16:26:46.790000Z,isc_analyst,2026-09-13T09:02:50.885430+00:00
us6000jnzr,SARI,P,Pg,2023-02-14T23:14:16.620000Z,isc_analyst,2026-09-13T09:02:54.553209+00:00
us6000jnzr,SARI,S,Sg,2023-02-14T23:14:28.230000Z,isc_analyst,2026-09-13T09:02:54.553602+00:00
us6000jp3y,KMRS,P,Pg,2023-02-07T03:16:23.100000Z,isc_analyst,2026-09-13T09:02:56.664611+00:00
us6000jp3y,KMRS,S,Sg,2023-02-07T03:16:28.360000Z,isc_analyst,2026-09-13T09:02:56.664638+00:00
us6000jp3y,GAZ,P,Pg,2023-02-07T03:16:25.680000Z,isc_analyst,2026-09-13T09:02:56.664644+00:00
us6000jp3y,GAZ,S,Sg,2023-02-07T03:16:32.670000Z,isc_analyst,2026-09-13T09:02:56.664649+00:00
us6000jpyq,SARI,P,Pg,2023-02-18T19:31:38.810000Z,isc_analyst,2026-09-13T09:03:30.499226+00:00
us6000jpyq,KMRS,P,Pg,2023-02-18T19:31:43.610000Z,isc_analyst,2026-09-13T09:03:30.499262+00:00
us6000jq73,GURO,P,Pn,2023-02-20T00:39:32.130000Z,isc_analyst,2026-09-13T09:03:39.521726+00:00
us6000jq74,GURO,P,Pn,2023-02-20T00:39:32.130000Z,isc_analyst,2026-09-13T09:03:44.068404+00:00
us6000jrdc,SARI,P,Pg,2023-02-24T17:20:14.600000Z,isc_analyst,2026-09-13T09:04:12.129875+00:00
us6000jrdc,SARI,S,Sg,2023-02-24T17:20:25.560000Z,isc_analyst,2026-09-13T09:04:12.129894+00:00
us6000jrej,URFA,P,Pg,2023-02-24T20:25:43.240000Z,isc_analyst,2026-09-13T09:04:17.239608+00:00
us6000jrej,URFA,S,Sg,2023-02-24T20:25:53.010000Z,isc_analyst,2026-09-13T09:04:17.239630+00:00
us6000jrtz,GAZ,P,Pg,2023-02-27T02:51:36.020000Z,isc_analyst,2026-09-13T09:04:33.830893+00:00
us6000jrtz,KMRS,P,Pg,2023-02-27T02:51:33.750000Z,isc_analyst,2026-09-13T09:04:33.830910+00:00
us6000jrtz,KMRS,S,Sg,2023-02-27T02:51:43.230000Z,isc_analyst,2026-09-13T09:04:33.830915+00:00
us6000jrtz,GAZ,S,Sg,2023-02-27T02:51:45.960000Z,isc_analyst,2026-09-13T09:04:33.830921+00:00
us6000k0ne,SARI,P,Pg,2023-03-29T16:47:11.280000Z,isc_analyst,2026-09-13T09:04:43.823178+00:00
us6000k0ne,SARI,S,Sg,2023-03-29T16:47:18.680000Z,isc_analyst,2026-09-13T09:04:43.823205+00:00
us6000k0ne,KMRS,P,Pg,2023-03-29T16:47:15.070000Z,isc_analyst,2026-09-13T09:04:43.823211+00:00
us6000k0ne,KMRS,S,Sg,2023-03-29T16:47:23.530000Z,isc_analyst,2026-09-13T09:04:43.823216+00:00
us6000kagp,URFA,P,Pn,2023-05-08T20:20:50.160000Z,isc_analyst,2026-09-13T09:04:57.359423+00:00
us6000kagp,URFA,S,Sg,2023-05-08T20:20:59.760000Z,isc_analyst,2026-09-13T09:04:57.359444+00:00
us6000kbcq,KMRS,P,Pg,2023-05-12T08:33:33.330000Z,isc_analyst,2026-09-13T09:05:01.019164+00:00
us6000kbcq,SARI,P,Pg,2023-05-12T08:33:31.730000Z,isc_analyst,2026-09-13T09:05:01.019181+00:00
us6000kdm0,KMRS,P,Pg,2023-05-21T12:46:25.940000Z,isc_analyst,2026-09-13T09:05:05.033626+00:00
us6000kdm0,SARI,P,Pg,2023-05-21T12:46:23.410000Z,isc_analyst,2026-09-13T09:05:05.033647+00:00
us6000lf1y,GURO,P,Pn,2023-10-12T11:04:25.710000Z,isc_analyst,2026-09-13T09:05:29.146587+00:00
us6000lf1y,GURO,S,Sn,2023-10-12T11:04:43.340000Z,isc_analyst,2026-09-13T09:05:29.146604+00:00
us6000lq9s,URFA,P,Pg,2023-11-23T14:46:22.670000Z,isc_analyst,2026-09-13T09:05:41.364002+00:00
us6000m05l,URFA,P,Pg,2023-12-28T09:34:25.120000Z,isc_analyst,2026-09-13T09:05:49.264203+00:00
us6000m498,SARI,P,Pg,2024-01-09T09:15:10.570000Z,isc_analyst,2026-09-13T09:05:51.769269+00:00
us6000m498,KMRS,P,Pg,2024-01-09T09:15:12.240000Z,isc_analyst,2026-09-13T09:05:51.769289+00:00
us6000m498,SARI,S,Sg,2024-01-09T09:15:16.970000Z,isc_analyst,2026-09-13T09:05:51.769296+00:00
us6000m498,KMRS,S,Sg,2024-01-09T09:15:20.570000Z,isc_analyst,2026-09-13T09:05:51.769301+00:00
us6000n148,DAT,P,P,2024-05-26T15:15:33.190000Z,isc_analyst,2026-09-13T09:05:56.189827+00:00
us6000n148,DAT,S,S,2024-05-26T15:15:48.240000Z,isc_analyst,2026-09-13T09:05:56.189849+00:00
us6000nigk,CEYT,P,Pg,2024-08-07T02:33:26.290000Z,isc_analyst,2026-09-13T09:06:10.550070+00:00
us6000nigk,CEYT,S,Sg,2024-08-07T02:33:36.050000Z,isc_analyst,2026-09-13T09:06:10.550096+00:00
us6000nigk,KMRS,P,Pg,2024-08-07T02:33:27.980000Z,isc_analyst,2026-09-13T09:06:10.550102+00:00
us6000njq1,GAZ,P,Pn,2024-08-12T20:56:33.870000Z,isc_analyst,2026-09-13T09:06:16.272229+00:00
us6000njrg,GAZ,P,Pn,2024-08-13T00:29:13.300000Z,isc_analyst,2026-09-13T09:06:20.243368+00:00
us6000njrg,GAZ,S,Sn,2024-08-13T00:29:40.800000Z,isc_analyst,2026-09-13T09:06:20.243395+00:00
us6000nq9a,KMRS,P,Pg,2024-09-07T06:31:14.790000Z,isc_analyst,2026-09-13T09:06:25.791786+00:00
us6000nq9a,GAZ,P,Pg,2024-09-07T06:31:14.470000Z,isc_analyst,2026-09-13T09:06:25.791802+00:00
us6000nyvh,FETY,P,P,2024-10-15T16:54:45.160000Z,isc_analyst,2026-09-13T09:06:40.009142+00:00
us6000nyvh,FETY,S,S,2024-10-15T16:54:58.690000Z,isc_analyst,2026-09-13T09:06:40.009162+00:00
us6000nyzk,SVRC,P,Pg,2024-10-16T07:46:39.120000Z,isc_analyst,2026-09-13T09:06:50.836554+00:00
us6000nzqk,GAZ,P,Pg,2024-10-19T11:41:18.270000Z,isc_analyst,2026-09-13T09:06:57.944271+00:00
us6000nzqk,KMRS,P,Pg,2024-10-19T11:41:15.980000Z,isc_analyst,2026-09-13T09:06:57.944290+00:00
us6000nzqk,KMRS,S,Sg,2024-10-19T11:41:18.230000Z,isc_analyst,2026-09-13T09:06:57.944295+00:00
us6000nzqk,GAZ,S,Sg,2024-10-19T11:41:24.900000Z,isc_analyst,2026-09-13T09:06:57.944300+00:00
us6000pg94,DAT,P,P,2024-12-29T08:02:38.400000Z,isc_analyst,2026-09-13T09:07:05.172438+00:00
us6000pg94,BODT,P,P,2024-12-29T08:02:42.500000Z,isc_analyst,2026-09-13T09:07:05.172457+00:00
us6000pi4u,DAT,P,P,2025-01-06T08:47:18.060000Z,isc_analyst,2026-09-13T09:07:11.494557+00:00
us6000pi4u,DAT,S,S,2025-01-06T08:47:33.490000Z,isc_analyst,2026-09-13T09:07:11.494573+00:00
us6000pii1,GURO,P,Pn,2025-01-08T01:30:26.590000Z,isc_analyst,2026-09-13T09:07:14.434442+00:00
us6000pii1,GURO,S,Sn,2025-01-08T01:30:48.090000Z,isc_analyst,2026-09-13T09:07:14.434461+00:00
us6000plhn,EZN,P,P,2025-01-21T20:38:51.810000Z,isc_analyst,2026-09-13T09:07:20.234971+00:00
us6000plhn,EZN,S,S,2025-01-21T20:38:57.600000Z,isc_analyst,2026-09-13T09:07:20.234987+00:00
us6000py6h,GURO,P,Pn,2025-03-11T18:03:57.440000Z,isc_analyst,2026-09-13T09:07:23.454986+00:00
us6000qhiq,YER,P,P,2025-06-02T23:17:41.460000Z,isc_analyst,2026-09-13T09:07:36.520305+00:00
us6000qhiq,YER,S,S,2025-06-02T23:17:51.020000Z,isc_analyst,2026-09-13T09:07:36.520322+00:00
us6000rt9q,ELL,P,Pg,2025-12-08T00:32:04.370000Z,isc_analyst,2026-09-13T09:09:01.873709+00:00
us6000rt9q,ELL,S,Sg,2025-12-08T00:32:10.920000Z,isc_analyst,2026-09-13T09:09:01.873724+00:00
us7000d3ec,GURO,P,Pn,2021-01-26T11:18:21.410000Z,isc_analyst,2026-09-13T09:15:54.593867+00:00
us7000futw,MDUB,P,Pg,2021-11-17T12:40:24.330000Z,isc_analyst,2026-09-13T09:17:44.428541+00:00
us7000futw,MDUB,S,Sg,2021-11-17T12:40:29.710000Z,isc_analyst,2026-09-13T09:17:44.428563+00:00
us7000gcr9,BNN,P,Pg,2022-01-17T23:29:01.150000Z,isc_analyst,2026-09-13T09:18:27.287929+00:00
us7000gcr9,BNN,S,Sg,2022-01-17T23:29:04.790000Z,isc_analyst,2026-09-13T09:18:27.287949+00:00
us7000hge7,GURO,P,Pn,2022-06-10T06:02:49.070000Z,isc_analyst,2026-09-13T09:19:44.074653+00:00
us7000hge7,GURO,S,Sn,2022-06-10T06:03:05.570000Z,isc_analyst,2026-09-13T09:19:44.074687+00:00
us7000hgyu,GURO,P,Pn,2022-06-12T18:35:41.600000Z,isc_analyst,2026-09-13T09:19:51.150412+00:00
us7000irp8,MDUB,P,Pg,2022-11-23T01:08:22.770000Z,isc_analyst,2026-09-13T09:21:56.712987+00:00
us7000isne,MDUB,S,Sg,2022-11-27T03:57:58.690000Z,isc_analyst,2026-09-13T09:22:06.291093+00:00
us7000isne,MDUB,P,Pg,2022-11-27T03:57:54.010000Z,isc_analyst,2026-09-13T09:22:06.291110+00:00
us7000jgyv,SARI,P,Pg,2023-03-03T02:53:53.200000Z,isc_analyst,2026-09-13T09:22:56.820114+00:00
us7000jgyv,KMRS,P,Pg,2023-03-03T02:53:50.640000Z,isc_analyst,2026-09-13T09:22:56.820131+00:00
us7000jhvn,BNN,P,Pg,2023-03-07T11:47:35.670000Z,isc_analyst,2026-09-13T09:23:07.658553+00:00
us7000jhvn,BNN,S,Sg,2023-03-07T11:47:43.710000Z,isc_analyst,2026-09-13T09:23:07.658570+00:00
us7000jiph,BNN,P,Pg,2023-03-10T02:28:22.440000Z,isc_analyst,2026-09-13T09:23:13.725835+00:00
us7000jiph,SARI,P,Pg,2023-03-10T02:28:31.070000Z,isc_analyst,2026-09-13T09:23:13.725851+00:00
us7000jiph,SARI,S,Sg,2023-03-10T02:28:43.300000Z,isc_analyst,2026-09-13T09:23:13.725857+00:00
us7000jjft,URFA,P,Pg,2023-03-13T01:34:44.560000Z,isc_analyst,2026-09-13T09:23:18.624927+00:00
us7000jjft,URFA,S,Sg,2023-03-13T01:34:52.490000Z,isc_analyst,2026-09-13T09:23:18.624947+00:00
us7000jjrw,SARI,S,Sg,2023-03-14T06:47:51.420000Z,isc_analyst,2026-09-13T09:23:22.975329+00:00
us7000jjrw,SARI,P,Pg,2023-03-14T06:47:44.760000Z,isc_analyst,2026-09-13T09:23:22.975345+00:00
us7000jjv5,GAZ,S,Sg,2023-03-14T14:50:11.050000Z,isc_analyst,2026-09-13T09:23:28.035145+00:00
us7000jjv5,GAZ,P,Pg,2023-03-14T14:50:01.210000Z,isc_analyst,2026-09-13T09:23:28.035162+00:00
us7000jjv5,KMRS,P,Pg,2023-03-14T14:49:58.230000Z,isc_analyst,2026-09-13T09:23:28.035167+00:00
us7000jjv5,KMRS,S,Sg,2023-03-14T14:50:04.360000Z,isc_analyst,2026-09-13T09:23:28.035172+00:00
us7000jkeb,MDUB,P,Pg,2023-03-16T10:55:14.850000Z,isc_analyst,2026-09-13T09:23:32.894178+00:00
us7000jkeb,MDUB,S,Sg,2023-03-16T10:55:19.720000Z,isc_analyst,2026-09-13T09:23:32.894194+00:00
us7000jkel,GURO,P,Pn,2023-03-16T11:47:55.580000Z,isc_analyst,2026-09-13T09:23:39.954427+00:00
us7000jl0z,SARI,P,Pg,2023-03-18T05:14:36.930000Z,isc_analyst,2026-09-13T09:23:44.699822+00:00
us7000jl0z,KMRS,P,Pg,2023-03-18T05:14:41.500000Z,isc_analyst,2026-09-13T09:23:44.699838+00:00
us7000jl0z,SARI,S,Sg,2023-03-18T05:14:42.970000Z,isc_analyst,2026-09-13T09:23:44.699843+00:00
us7000jl0z,KMRS,S,Sg,2023-03-18T05:14:50.090000Z,isc_analyst,2026-09-13T09:23:44.699856+00:00
us7000jm54,SARI,P,Pg,2023-03-23T09:19:59.690000Z,isc_analyst,2026-09-13T09:23:50.001349+00:00
us7000jmay,SARI,S,Sg,2023-03-24T00:40:07.450000Z,isc_analyst,2026-09-13T09:23:54.648925+00:00
us7000jmay,SARI,P,Pg,2023-03-24T00:40:01.370000Z,isc_analyst,2026-09-13T09:23:54.648941+00:00
us7000jmay,KMRS,P,Pg,2023-03-24T00:40:05.770000Z,isc_analyst,2026-09-13T09:23:54.648947+00:00
us7000jmme,KMRS,P,Pg,2023-03-25T04:39:43.570000Z,isc_analyst,2026-09-13T09:24:08.117830+00:00
us7000jmme,SARI,P,Pg,2023-03-25T04:39:43.860000Z,isc_analyst,2026-09-13T09:24:08.117849+00:00
us7000jwv7,BNN,P,Pg,2023-04-29T01:56:04.940000Z,isc_analyst,2026-09-13T09:24:18.979640+00:00
us7000jwv7,SARI,P,Pg,2023-04-29T01:55:54.600000Z,isc_analyst,2026-09-13T09:24:18.979658+00:00
us7000jwv7,KMRS,P,Pg,2023-04-29T01:55:59.680000Z,isc_analyst,2026-09-13T09:24:18.979664+00:00
us7000jxsv,SARI,P,Pg,2023-05-03T17:16:45.380000Z,isc_analyst,2026-09-13T09:24:26.235132+00:00
us7000jxsv,KMRS,P,Pg,2023-05-03T17:16:50.580000Z,isc_analyst,2026-09-13T09:24:26.235150+00:00
us7000jxsv,SARI,S,Sg,2023-05-03T17:16:50.710000Z,isc_analyst,2026-09-13T09:24:26.235156+00:00
us7000k6ge,SARI,P,Pg,2023-06-05T16:40:56.110000Z,isc_analyst,2026-09-13T09:24:30.333915+00:00
us7000k6ge,SARI,S,Sg,2023-06-05T16:41:02.670000Z,isc_analyst,2026-09-13T09:24:30.333934+00:00
us7000k6ge,KMRS,P,Pg,2023-06-05T16:40:58.440000Z,isc_analyst,2026-09-13T09:24:30.333939+00:00
us7000k6ge,KMRS,S,Sg,2023-06-05T16:41:05.920000Z,isc_analyst,2026-09-13T09:24:30.333944+00:00
us7000kq2s,BNN,P,Pg,2023-08-22T10:17:48.010000Z,isc_analyst,2026-09-13T09:24:51.439068+00:00
us7000kq2s,SARI,P,Pg,2023-08-22T10:17:38.220000Z,isc_analyst,2026-09-13T09:24:51.439090+00:00
us7000kq2s,BNN,S,Sg,2023-08-22T10:17:59.160000Z,isc_analyst,2026-09-13T09:24:51.439096+00:00
us7000kq2s,KMRS,P,Pn,2023-08-22T10:17:52.450000Z,isc_analyst,2026-09-13T09:24:51.439100+00:00
us7000kq2s,SARI,S,Sg,2023-08-22T10:17:42.130000Z,isc_analyst,2026-09-13T09:24:51.439105+00:00
us7000krp7,DAT,P,P,2023-08-28T22:10:52.000000Z,isc_analyst,2026-09-13T09:25:01.437706+00:00
us7000kxls,SARI,P,Pg,2023-09-23T08:22:30.900000Z,isc_analyst,2026-09-13T09:25:16.252938+00:00
us7000kxls,KMRS,P,Pg,2023-09-23T08:22:33.060000Z,isc_analyst,2026-09-13T09:25:16.252957+00:00
us7000ledq,URFA,P,Pg,2023-11-23T14:50:11.060000Z,isc_analyst,2026-09-13T09:25:27.034343+00:00
us7000leyu,SARI,S,Sg,2023-12-01T00:19:20.420000Z,isc_analyst,2026-09-13T09:25:31.237880+00:00
us7000leyu,SARI,P,Pg,2023-12-01T00:19:06.290000Z,isc_analyst,2026-09-13T09:25:31.237896+00:00
us7000ltqd,URFA,S,Sn,2024-01-25T13:04:34.070000Z,isc_analyst,2026-09-13T09:25:43.826845+00:00
us7000ltqd,URFA,P,P,2024-01-25T13:04:23.570000Z,isc_analyst,2026-09-13T09:25:43.826861+00:00
us7000luac,BLCB,P,P,2024-01-27T05:19:27.630000Z,isc_analyst,2026-09-13T09:25:50.011057+00:00
us7000luac,BLCB,S,S,2024-01-27T05:19:33.260000Z,isc_analyst,2026-09-13T09:25:50.011075+00:00
us7000m42k,FETY,P,P,2024-03-08T04:27:24.740000Z,isc_analyst,2026-09-13T09:25:55.285535+00:00
us7000m42k,FETY,S,S,2024-03-08T04:27:33.620000Z,isc_analyst,2026-09-13T09:25:55.285552+00:00
us7000m4jl,ELL,P,Pn,2024-03-10T13:56:09.040000Z,isc_analyst,2026-09-13T09:26:00.865780+00:00
us7000ms04,DAT,P,P,2024-06-12T19:19:26.730000Z,isc_analyst,2026-09-13T09:26:33.765068+00:00
us7000n0uq,EZN,P,P,2024-07-22T14:39:26.540000Z,isc_analyst,2026-09-13T09:26:44.275956+00:00
us7000n0uq,EZN,S,S,2024-07-22T14:39:28.970000Z,isc_analyst,2026-09-13T09:26:44.275973+00:00
us7000n7dh,GAZ,P,Pn,2024-08-16T10:16:11.570000Z,isc_analyst,2026-09-13T09:26:49.023008+00:00
us7000nni1,CEYT,P,Pg,2024-10-27T17:07:22.000000Z,isc_analyst,2026-09-13T09:26:53.961441+00:00
us7000nni1,KMRS,P,Pg,2024-10-27T17:07:24.120000Z,isc_analyst,2026-09-13T09:26:53.961459+00:00
us7000nqls,SVRC,P,Pg,2024-11-08T14:04:08.210000Z,isc_analyst,2026-09-13T09:26:57.666987+00:00
us7000nrxw,KMRS,S,Sg,2024-11-15T07:46:44.200000Z,isc_analyst,2026-09-13T09:27:00.984429+00:00
us7000nrxw,DARE,S,Sg,2024-11-15T07:46:40.190000Z,isc_analyst,2026-09-13T09:27:00.984444+00:00
us7000nrxw,DARE,P,Pg,2024-11-15T07:46:30.700000Z,isc_analyst,2026-09-13T09:27:00.984449+00:00
us7000nrxw,KMRS,P,Pg,2024-11-15T07:46:34.200000Z,isc_analyst,2026-09-13T09:27:00.984454+00:00
us7000pcih,BODT,P,P,2025-02-09T19:06:03.940000Z,isc_analyst,2026-09-13T09:30:12.367741+00:00
us7000pcij,BODT,P,P,2025-02-09T19:17:09.130000Z,isc_analyst,2026-09-13T09:30:15.858802+00:00
us7000pcil,BODT,P,P,2025-02-09T19:17:09.130000Z,isc_analyst,2026-09-13T09:30:19.141554+00:00
us7000pcx4,BODT,P,P,2025-02-03T07:49:48.910000Z,isc_analyst,2026-09-13T09:31:06.260937+00:00
us7000pdlv,DAT,P,P,2025-02-06T02:54:47.980000Z,isc_analyst,2026-09-13T09:31:56.122675+00:00
us7000pe15,GURO,P,Pn,2025-02-15T23:25:10.210000Z,isc_analyst,2026-09-13T09:32:02.835634+00:00
us7000pe15,GURO,S,Sn,2025-02-15T23:25:29.400000Z,isc_analyst,2026-09-13T09:32:02.835650+00:00
us7000pf7u,GURO,P,Pg,2025-02-21T12:27:52.430000Z,isc_analyst,2026-09-13T09:32:34.902524+00:00
us7000pf7u,GURO,S,Sg,2025-02-21T12:28:03.290000Z,isc_analyst,2026-09-13T09:32:34.902539+00:00
us7000pvfk,SVRC,P,Pg,2025-04-27T18:09:43.120000Z,isc_analyst,2026-09-13T09:33:09.290065+00:00
us7000pz2p,DAT,S,S,2025-05-13T22:52:01.690000Z,isc_analyst,2026-09-13T09:33:29.566205+00:00
