network,station,latitude,longitude,elevation,start_date,channel_codes,instrument_types,has_strong_motion,vs30_ms,nehrp_site_class
KO,MAZI,37.4593,40.4465,1204.0,2009-06-29T00:00:00.000000Z,"BHE,BHN,BHZ,HHE,HHN,HHZ",broadband,False,542.0,C
KO,TOKT,40.3173,36.5443,726.0,2000-07-06T00:00:00.000000Z,"HHE,HHN,HHZ",broadband,False,632.0,C
KO,GULF,40.914,35.879,1050.0,2013-12-05T00:00:00.000000Z,"HNE,HNN,HNZ",strong_motion,True,597.0,C
KO,BASM,37.9194,30.035,897.0,2013-11-21T00:00:00.000000Z,"EHE,EHN,EHZ,HNE,HNN,HNZ","broadband,strong_motion",True,395.0,C
KO,KVT,41.0807,36.0463,649.0,2001-03-16T00:00:00.000000Z,"BHE,BHN,BHZ,HHE,HHN,HHZ",broadband,False,499.0,C
KO,SINP,41.9824,35.0956,100.0,2012-03-01T00:00:00.000000Z,"HNE,HNN,HNZ",strong_motion,True,276.0,D
KO,PRSB,41.1044,37.7753,100.0,2012-03-22T00:00:00.000000Z,"HNE,HNN,HNZ",strong_motion,True,581.0,C
KO,ELL,36.7483,29.9085,1230.0,2001-11-27T00:00:00.000000Z,"BHE,BHN,BHZ,HHE,HHN,HHZ",broadband,False,900.0,B
KO,KRTD,36.5934,35.4157,47.0,2011-07-28T00:00:00.000000Z,"HNE,HNN,HNZ",strong_motion,True,363.0,C
KO,BALB,39.6507,27.8642,266.0,2001-10-11T00:00:00.000000Z,"BHE,BHN,BHZ,EHE,EHN,EHZ,HHE,HHN,HHZ,HNE,HNN,HNZ","broadband,strong_motion",True,463.0,C
KO,KOZT,37.4795,35.8264,381.0,2005-08-25T00:00:00.000000Z,"BHE,BHN,BHZ,HHE,HHN,HHZ",broadband,False,567.0,C
KO,BODT,37.0622,27.3103,379.0,2005-02-14T00:00:00.000000Z,"BHE,BHN,BHZ,HHE,HHN,HHZ",broadband,False,464.0,C
KO,KCTX,40.2626,28.3353,445.0,1998-10-20T00:00:00.000000Z,"BHE,BHN,BHZ,HHE,HHN,HHZ,HNE,HNN,HNZ","broadband,strong_motion",True,492.0,C
KO,URFA,37.4409,38.8213,938.0,2004-12-02T00:00:00.000000Z,"BHE,BHN,BHZ,HHE,HHN,HHZ",broadband,False,364.0,C
KO,BCA,41.445,41.6223,500.0,2004-05-03T00:00:00.000000Z,"BHE,BHN,BHZ,HHE,HHN,HHZ",broadband,False,642.0,C
KO,DYBB,37.9532,40.1393,657.0,2009-12-10T00:00:00.000000Z,"BHE,BHN,BHZ,HHE,HHN,HHZ",broadband,False,371.0,C
KO,LMOS,36.6021,32.6962,1430.0,2022-10-04T00:00:00.000000Z,"HHE,HHN,HHZ",broadband,False,785.0,B
KO,DOGC,41.3949,26.9852,81.0,2022-07-01T00:00:00.000000Z,"HNE,HNN,HNZ",strong_motion,True,305.0,D
KO,YESY,37.7825,33.7431,1206.0,2009-06-19T00:00:00.000000Z,"BHE,BHN,BHZ,HHE,HHN,HHZ",broadband,False,760.0,C
KO,KAVV,41.0638,29.06,138.0,2009-10-27T00:00:00.000000Z,"BHE,BHN,BHZ,HHE,HHN,HHZ,HNE,HNN,HNZ","broadband,strong_motion",True,583.0,C
KO,SAUV,40.7401,30.3271,170.0,2012-02-07T00:00:00.000000Z,"BHE,BHN,BHZ,HHE,HHN,HHZ,HNE,HNN,HNZ","broadband,strong_motion",True,605.0,C
KO,TKR,40.9893,27.5351,140.0,2004-06-11T00:00:00.000000Z,"BHE,BHN,BHZ,HHE,HHN,HHZ,HNE,HNN,HNZ","broadband,strong_motion",True,449.0,C
KO,KUPE,40.8766,36.0489,1050.0,2013-12-06T00:00:00.000000Z,"HNE,HNN,HNZ",strong_motion,True,688.0,C
KO,KOUK,40.6572,29.1918,1.0,2021-06-20T00:00:00.000000Z,"HNE,HNN,HNZ",strong_motion,True,600.0,C
KO,DENT,37.7539,29.0331,621.0,2002-06-20T00:00:00.000000Z,"HNE,HNN,HNZ",strong_motion,True,900.0,B
KO,SVSK,39.9157,36.9925,1630.0,2003-08-27T00:00:00.000000Z,"BHE,BHN,BHZ,HHE,HHN,HHZ",broadband,False,565.0,C
KO,ILIC,39.4518,38.5675,1295.0,2008-12-25T00:00:00.000000Z,"BHE,BHN,BHZ",broadband,False,787.0,B
KO,GURO,38.5509,42.0322,1388.0,2011-10-25T00:00:00.000000Z,"HHE,HHN,HHZ",broadband,False,559.0,C
KO,KMRS,37.5087,36.9,590.0,2006-08-30T00:00:00.000000Z,"BHE,BHN,BHZ,HHE,HHN,HHZ",broadband,False,314.0,D
KO,RSDY,40.3971,37.3273,550.0,2007-06-13T00:00:00.000000Z,"BHE,BHN,BHZ,HHE,HHN,HHZ",broadband,False,528.0,C
KO,KRBG,40.3932,27.2977,79.0,2008-06-27T00:00:00.000000Z,"BHE,BHN,BHZ,HHE,HHN,HHZ,HNE,HNN,HNZ","broadband,strong_motion",True,433.0,C
KO,DST,39.6041,28.6267,693.0,2000-07-06T00:00:00.000000Z,"HNE,HNN,HNZ",strong_motion,True,480.0,C
KO,DAT,36.7308,27.5767,1100.0,2005-10-08T00:00:00.000000Z,"BHE,BHN,BHZ,HHE,HHN,HHZ",broadband,False,789.0,B
KO,YARM,40.9231,35.8266,1050.0,2013-12-06T00:00:00.000000Z,"HNE,HNN,HNZ",strong_motion,True,471.0,C
KO,GELI,40.398,26.4742,126.0,2008-07-04T00:00:00.000000Z,"BHE,BHN,BHZ,HHE,HHN,HHZ",broadband,False,561.0,C
KO,AKDM,38.3285,42.98,1662.0,2012-11-29T00:00:00.000000Z,"HHE,HHN,HHZ",broadband,False,353.0,D
KO,SVRC,38.3775,39.306,1680.0,2007-04-27T00:00:00.000000Z,"BHE,BHN,BHZ,HHE,HHN,HHZ",broadband,False,688.0,C
KO,GOKC,40.1998,25.9183,123.0,2011-03-27T00:00:00.000000Z,"HNE,HNN,HNZ",strong_motion,True,630.0,C
KO,OSMT,40.6009,29.7,798.0,2012-04-10T00:00:00.000000Z,"BNE,BNN,BNZ,HNE,HNN,HNZ",strong_motion,True,876.0,B
KO,DARE,38.5712,37.4832,1080.0,2007-07-31T00:00:00.000000Z,"BHE,BHN,BHZ,HHE,HHN,HHZ",broadband,False,510.0,C
KO,CLDR,39.144,43.9172,2094.0,2004-12-16T00:00:00.000000Z,"BHE,BHN,BHZ,HHE,HHN,HHZ",broadband,False,296.0,D
KO,SIMA,39.0833,28.9825,984.0,2011-07-26T00:00:00.000000Z,"BHE,BHN,BHZ,HHE,HHN,HHZ",broadband,False,578.0,C
KO,KIZT,38.8808,31.883,1222.0,2002-10-04T00:00:00.000000Z,"BHE,BHN,BHZ,HHE,HHN,HHZ",broadband,False,577.0,C
KO,SAFT,41.2398,32.6871,406.0,2000-12-14T00:00:00.000000Z,"HNE,HNN,HNZ",strong_motion,True,461.0,C
KO,MDUB,40.4712,31.1976,1109.0,2008-05-22T00:00:00.000000Z,"BHE,BHN,BHZ,HHE,HHN,HHZ",broadband,False,601.0,C
KO,SVRH,39.447,31.523,1000.0,2007-12-27T00:00:00.000000Z,"BHE,BHN,BHZ,HHE,HHN,HHZ",broadband,False,507.0,C
KO,SNOP,42.0195,35.2069,180.0,2010-08-13T00:00:00.000000Z,"BHE,BHN,BHZ,HHE,HHN,HHZ",broadband,False,561.0,C
KO,KEMT,36.6037,30.5558,0.0,2011-08-09T00:00:00.000000Z,"HNE,HNN,HNZ",strong_motion,True,454.0,C
KO,SHUT,38.553,30.551,1215.0,2006-11-02T00:00:00.000000Z,"BHE,BHN,BHZ,HHE,HHN,HHZ",broadband,False,379.0,C
KO,DEMR,36.2365,29.9056,168.0,2011-08-12T00:00:00.000000Z,"HNE,HNN,HNZ",strong_motion,True,861.0,B
KO,BCK,37.4602,30.5885,858.0,2003-03-05T00:00:00.000000Z,"BHE,BHN,BHZ,HHE,HHN,HHZ,HNE,HNN,HNZ","broadband,strong_motion",True,567.0,C
KO,DALY,36.8162,28.6532,100.0,2009-05-01T00:00:00.000000Z,"BHE,BHN,BHZ,HHE,HHN,HHZ",broadband,False,458.0,C
KO,SERE,38.9463,33.564,1216.0,2009-06-17T00:00:00.000000Z,"BHE,BHN,BHZ,HHE,HHN,HHZ",broadband,False,539.0,C
KO,YOZ,39.6376,35.3152,1422.0,2002-10-11T00:00:00.000000Z,"HHE,HHN,HHZ",broadband,False,588.0,C
KO,SARI,38.4072,36.4181,1673.0,2007-08-03T00:00:00.000000Z,"BHE,BHN,BHZ,HHE,HHN,HHZ",broadband,False,740.0,C
KO,KDZE,41.3132,31.443,410.0,2006-06-29T00:00:00.000000Z,"BHE,BHN,BHZ,HHE,HHN,HHZ",broadband,False,773.0,B
KO,BZK,41.96,34.0035,158.0,2003-04-24T00:00:00.000000Z,"BHE,BHN,BHZ,HHE,HHN,HHZ",broadband,False,871.0,B
KO,RKY,40.6874,27.1776,687.0,2005-05-25T00:00:00.000000Z,"BHE,BHN,BHZ,HHE,HHN,HHZ",broadband,False,579.0,C
KO,BOZY,36.1069,32.9763,9.0,2011-07-29T00:00:00.000000Z,"HNE,HNN,HNZ",strong_motion,True,276.0,D
KO,CRLU,41.1428,27.8215,126.0,2022-12-15T00:00:00.000000Z,"HNE,HNN,HNZ",strong_motion,True,392.0,C
KO,ARPRA,39.0929,38.3356,1522.0,2013-09-06T00:00:00.000000Z,"HNE,HNN,HNZ",strong_motion,True,773.0,B
KO,CANT,40.6062,33.6193,815.0,2000-02-10T00:00:00.000000Z,"BHE,BHN,BHZ,HHE,HHN,HHZ",broadband,False,583.0,C
KO,MLSB,37.2953,27.7767,500.0,2003-09-16T00:00:00.000000Z,"BHE,BHN,BHZ,HHE,HHN,HHZ",broadband,False,571.0,C
KO,SVAN,38.1511,41.1984,650.0,2009-12-12T00:00:00.000000Z,"BHE,BHN,BHZ,HHE,HHN,HHZ",broadband,False,571.0,C
KO,PTK,38.8923,39.3923,1835.0,2004-08-31T00:00:00.000000Z,"BHE,BHN,BHZ",broadband,False,456.0,C
KO,TASB,39.9838,44.2384,849.0,2011-10-25T00:00:00.000000Z,"HHE,HHN,HHZ",broadband,False,228.0,D
KO,MRSB,36.7161,28.1969,402.0,2011-04-25T00:00:00.000000Z,"HNE,HNN,HNZ",strong_motion,True,732.0,C
KO,SULT,38.1988,33.5157,982.0,2008-01-04T00:00:00.000000Z,"BHE,BHN,BHZ,HHE,HHN,HHZ",broadband,False,324.0,D
KO,MERS,36.8678,34.522,750.0,2005-08-23T00:00:00.000000Z,"BHE,BHN,BHZ,HHE,HHN,HHZ",broadband,False,861.0,B
KO,GMLD,38.0766,26.9157,10.0,2011-07-05T00:00:00.000000Z,"HNE,HNN,HNZ",strong_motion,True,289.0,D
KO,MDNY,40.3709,28.8846,116.0,2008-07-09T00:00:00.000000Z,"BHE,BHN,BHZ,HHE,HHN,HHZ,HNE,HNN,HNZ","broadband,strong_motion",True,571.0,C
KO,KLYT,41.253,29.042,30.0,2006-05-18T00:00:00.000000Z,"BHE,BHN,BHZ,HHE,HHN,HHZ",broadband,False,436.0,C
KO,RUZG,40.7242,31.7936,1567.0,2019-12-19T00:00:00.000000Z,"HHE,HHN,HHZ",broadband,False,597.0,C
KO,KHMN,37.3916,37.1574,640.0,2012-11-29T00:00:00.000000Z,"HNE,HNN,HNZ",strong_motion,True,272.0,D
KO,KYHL,40.3244,37.8955,1568.0,2020-12-12T00:00:00.000000Z,"HNE,HNN,HNZ",strong_motion,True,900.0,B
KO,YER,37.1336,28.284,729.0,2000-07-06T00:00:00.000000Z,"BHE,BHN,BHZ,HHE,HHN,HHZ",broadband,False,494.0,C
KO,HRTX,40.8009,29.6729,573.0,1998-09-01T00:00:00.000000Z,"BHE,BHN,BHZ,HHE,HHN,HHZ",broadband,False,700.0,C
KO,CAND,38.9542,26.8031,157.0,2011-07-11T00:00:00.000000Z,"HNE,HNN,HNZ",strong_motion,True,568.0,C
KO,CUKT,37.2473,43.6077,1298.0,2005-09-29T00:00:00.000000Z,"BHE,BHN,BHZ,HHE,HHN,HHZ,HNE,HNN,HNZ","broadband,strong_motion",True,900.0,B
KO,CTKS,41.2373,28.5072,47.0,2007-09-28T00:00:00.000000Z,"BHE,BHN,BHZ,HHE,HHN,HHZ",broadband,False,375.0,C
KO,ADVT,40.4332,29.7383,193.0,2006-05-19T00:00:00.000000Z,"BHE,BHN,BHZ,HHE,HHN,HHZ",broadband,False,562.0,C
KO,DIKM,41.6497,35.2578,261.0,2006-06-27T00:00:00.000000Z,"BHE,BHN,BHZ,HHE,HHN,HHZ",broadband,False,671.0,C
KO,TUZL,40.8128,29.2657,12.0,2010-10-11T00:00:00.000000Z,"HNE,HNN,HNZ",strong_motion,True,226.0,D
KO,SDAG,38.4396,30.9175,1140.0,2019-07-10T00:00:00.000000Z,"HHE,HHN,HHZ",broadband,False,604.0,C
KO,YEDI,39.4377,40.5443,1557.0,2011-05-03T00:00:00.000000Z,"BHE,BHN,BHZ,HHE,HHN,HHZ",broadband,False,833.0,B
KO,CHBY,38.5823,32.8902,1086.0,2009-06-17T00:00:00.000000Z,"BHE,BHN,BHZ,HHE,HHN,HHZ",broadband,False,334.0,D
KO,EDC,40.3465,27.8618,257.0,2001-11-27T00:00:00.000000Z,"BHE,BHN,BHZ,HHE,HHN,HHZ,HNE,HNN,HNZ","broadband,strong_motion",True,710.0,C
KO,UKOP,41.1288,26.6323,70.0,2013-09-12T00:00:00.000000Z,"EHE,EHN,EHZ,HNE,HNN,HNZ","broadband,strong_motion",True,342.0,D
KO,ANTB,36.8998,30.6538,20.0,2004-03-03T00:00:00.000000Z,"BHE,BHN,BHZ,HHE,HHN,HHZ",broadband,False,363.0,C
KO,APMY,37.4717,29.3018,930.0,2016-05-31T00:00:00.000000Z,"HHE,HHN,HHZ",broadband,False,409.0,C
KO,GPNR,39.456,26.1331,55.0,2011-03-25T00:00:00.000000Z,"HNE,HNN,HNZ",strong_motion,True,665.0,C
KO,BODA,37.0348,27.4304,11.8,2019-10-17T00:00:00.000000Z,"HNE,HNN,HNZ",strong_motion,True,600.0,C
KO,KAMT,39.3689,33.7087,1120.0,2002-02-01T00:00:00.000000Z,"HHE,HHN,HHZ",broadband,False,429.0,C
KO,BUYA,40.8694,29.1278,40.0,2012-08-07T00:00:00.000000Z,"HNE,HNN,HNZ",strong_motion,True,395.0,C
KO,AKIN,35.0157,33.4662,225.0,2008-11-18T00:00:00.000000Z,"HNE,HNN,HNZ",strong_motion,True,412.0,C
KO,YKBL,40.9908,28.6678,139.0,2010-08-13T00:00:00.000000Z,"HNE,HNN,HNZ",strong_motion,True,477.0,C
KO,TAHT,36.3755,36.1855,278.0,2009-10-19T00:00:00.000000Z,"BHE,BHN,BHZ,HHE,HHN,HHZ",broadband,False,458.0,C
KO,LOD,39.8884,32.7634,902.0,2003-08-20T00:00:00.000000Z,"BHE,BHN,BHZ,HHE,HHN,HHZ",broadband,False,479.0,C
KO,GPA,40.2911,30.3171,570.0,2002-03-08T00:00:00.000000Z,"HNE,HNN,HNZ",strong_motion,True,677.0,C
KO,GUMT,40.4665,39.478,1326.0,2002-06-28T00:00:00.000000Z,"HNE,HNN,HNZ",strong_motion,True,738.0,C
KO,SHAP,39.0231,29.222,1050.0,2012-05-10T00:00:00.000000Z,"HNE,HNN,HNZ",strong_motion,True,496.0,C
KO,VRTB,39.1603,41.4558,1498.0,2008-11-20T00:00:00.000000Z,"BHE,BHN,BHZ,HHE,HHN,HHZ",broadband,False,555.0,C
KO,ERCV,39.0198,43.3381,1679.0,2011-10-28T00:00:00.000000Z,"HNE,HNN,HNZ",strong_motion,True,344.0,D
KO,GEDZ,39.0445,29.4105,883.0,2010-10-22T00:00:00.000000Z,"HHE,HHN,HHZ,HNE,HNN,HNZ","broadband,strong_motion",True,468.0,C
KO,AGRB,39.5755,42.992,1820.0,2006-11-21T00:00:00.000000Z,"BHE,BHN,BHZ,HHE,HHN,HHZ",broadband,False,474.0,C
KO,BGKT,41.181,28.773,80.0,2007-05-29T00:00:00.000000Z,"BHE,BHN,BHZ,HHE,HHN,HHZ",broadband,False,413.0,C
KO,BAYT,40.3937,40.141,1680.0,2008-09-12T00:00:00.000000Z,"BHE,BHN,BHZ,HHE,HHN,HHZ",broadband,False,561.0,C
KO,CMRD,37.6623,34.9902,1234.0,2013-11-19T00:00:00.000000Z,"EHE,EHN,EHZ,HNE,HNN,HNZ","broadband,strong_motion",True,426.0,C
KO,SOMA,39.1564,27.5341,243.0,2018-05-03T00:00:00.000000Z,"EHE,EHN,EHZ,HNE,HNN,HNZ","broadband,strong_motion",True,798.0,B
KO,GADA,40.1908,25.8987,59.0,2006-07-06T00:00:00.000000Z,"BHE,BHN,BHZ,HHE,HHN,HHZ",broadband,False,451.0,C
KO,IKL,36.2366,33.6845,126.0,2000-07-06T00:00:00.000000Z,"BHE,BHN,BHZ,HHE,HHN,HHZ",broadband,False,684.0,C
KO,ERBG,40.712,36.6768,510.0,2020-12-12T00:00:00.000000Z,"HNE,HNN,HNZ",strong_motion,True,766.0,B
KO,CESE,38.3306,26.2997,95.0,2011-07-23T00:00:00.000000Z,"HNE,HNN,HNZ",strong_motion,True,410.0,C
KO,KRBN,38.5936,26.5537,135.0,2011-07-12T00:00:00.000000Z,"HNE,HNN,HNZ",strong_motion,True,843.0,B
KO,GULT,40.432,30.5152,942.0,2007-09-15T00:00:00.000000Z,"BHE,BHN,BHZ,HHE,HHN,HHZ",broadband,False,505.0,C
KO,DKL,39.0713,26.9053,35.0,2010-07-22T00:00:00.000000Z,"BHE,BHN,BHZ,HHE,HHN,HHZ",broadband,False,304.0,D
KO,DIDI,37.3767,27.2398,75.0,2011-04-19T00:00:00.000000Z,"HNE,HNN,HNZ",strong_motion,True,316.0,D
KO,YAYX,38.9387,33.8115,1142.0,2009-06-18T00:00:00.000000Z,"BHE,BHN,BHZ,HHE,HHN,HHZ",broadband,False,537.0,C
KO,KOPR,39.9917,41.8535,1675.0,2012-11-28T00:00:00.000000Z,"HHE,HHN,HHZ",broadband,False,460.0,C
KO,AVCI,40.9958,28.7225,90.0,2014-01-29T00:00:00.000000Z,"HNE,HNN,HNZ",strong_motion,True,517.0,C
KO,BBRN,36.6796,28.0587,194.0,2013-01-17T00:00:00.000000Z,"HNE,HNN,HNZ",strong_motion,True,512.0,C
KO,SILT,41.153,29.643,100.0,2007-07-31T00:00:00.000000Z,"BHE,BHN,BHZ,HHE,HHN,HHZ",broadband,False,406.0,C
KO,BOTS,40.9902,27.981,30.0,2010-08-13T00:00:00.000000Z,"HHE,HHN,HHZ,HNE,HNN,HNZ","broadband,strong_motion",True,600.0,C
KO,FETI,36.6903,29.096,24.0,2011-04-21T00:00:00.000000Z,"HNE,HNN,HNZ",strong_motion,True,462.0,C
KO,CANM,40.0113,27.0529,180.0,2017-02-22T00:00:00.000000Z,"EHE,EHN,EHZ,HNE,HNN,HNZ","broadband,strong_motion",True,287.0,D
KO,CHOM,41.097,40.7612,422.0,2012-03-19T00:00:00.000000Z,"BHE,BHN,BHZ,HHE,HHN,HHZ",broadband,False,797.0,B
KO,KARS,40.6152,43.0937,1747.0,2000-07-06T00:00:00.000000Z,"BHE,BHN,BHZ,HHE,HHN,HHZ",broadband,False,554.0,C
KO,UVEZ,40.904,30.9032,550.0,2019-12-18T00:00:00.000000Z,"HHE,HHN,HHZ",broadband,False,629.0,C
KO,KUMB,40.8626,27.4592,25.6,2021-06-20T00:00:00.000000Z,"HNE,HNN,HNZ",strong_motion,True,524.0,C
KO,LADK,38.1999,32.3648,1168.0,2007-06-19T00:00:00.000000Z,"BHE,BHN,BHZ,HHE,HHN,HHZ",broadband,False,438.0,C
KO,SINB,40.9998,28.5392,59.0,2010-08-13T00:00:00.000000Z,"HNE,HNN,HNZ",strong_motion,True,466.0,C
KO,GONE,40.0466,27.686,143.0,2008-06-27T00:00:00.000000Z,"BHE,BHN,BHZ,HHE,HHN,HHZ,HNE,HNN,HNZ","broadband,strong_motion",True,440.0,C
KO,LAFA,40.7598,29.3554,38.0,2010-10-04T00:00:00.000000Z,"HNE,HNN,HNZ",strong_motion,True,427.0,C
KO,ASYA,40.8956,27.465,2.0,2021-04-22T00:00:00.000000Z,"HNE,HNN,HNZ",strong_motion,True,600.0,C
KO,MRMT,40.609,27.5832,213.0,2001-04-28T00:00:00.000000Z,"BHE,BHN,BHZ,HHE,HHN,HHZ",broadband,False,288.0,D
KO,MLAZ,39.141,42.5496,1581.0,2012-11-26T00:00:00.000000Z,"HHE,HHN,HHZ",broadband,False,386.0,C
KO,KAYA,40.9468,35.7491,1050.0,2013-12-05T00:00:00.000000Z,"HNE,HNN,HNZ",strong_motion,True,409.0,C
KO,SEYD,37.4056,31.8379,1160.0,2014-02-04T00:00:00.000000Z,"EHE,EHN,EHZ,HNE,HNN,HNZ","broadband,strong_motion",True,382.0,C
KO,KOZK,39.2101,34.868,1134.0,2015-02-11T00:00:00.000000Z,"EHE,EHN,EHZ,HNE,HNN,HNZ","broadband,strong_motion",True,520.0,C
KO,IZI,40.3483,29.4612,910.0,2000-07-06T00:00:00.000000Z,"BNE,BNN,BNZ,HNE,HNN,HNZ",strong_motion,True,636.0,C
KO,TEKI,40.9862,27.5374,126.0,2022-12-16T00:00:00.000000Z,"HNE,HNN,HNZ",strong_motion,True,564.0,C
KO,TOS,41.0362,34.0226,1046.0,2002-02-27T00:00:00.000000Z,"HNE,HNN,HNZ",strong_motion,True,667.0,C
KO,YKAV,37.1246,27.2801,115.0,2011-04-18T00:00:00.000000Z,"HNE,HNN,HNZ",strong_motion,True,462.0,C
KO,BLCB,38.3853,27.042,150.0,2004-10-05T00:00:00.000000Z,"BHE,BHN,BHZ,HHE,HHN,HHZ",broadband,False,646.0,C
KO,KTUT,40.987,39.7667,171.0,2006-08-17T00:00:00.000000Z,"BHE,BHN,BHZ,HHE,HHN,HHZ",broadband,False,646.0,C
KO,TVSB,39.4497,29.4615,1090.0,2009-02-12T00:00:00.000000Z,"BHE,BHN,BHZ,HHE,HHN,HHZ",broadband,False,579.0,C
KO,SLVT,41.2288,28.2098,180.0,2007-08-01T00:00:00.000000Z,"BHE,BHN,BHZ,HHE,HHN,HHZ,HNE,HNN,HNZ","broadband,strong_motion",True,466.0,C
KO,ERZN,39.5867,39.722,1317.0,2008-10-15T00:00:00.000000Z,"BHE,BHN,BHZ,HHE,HHN,HHZ",broadband,False,573.0,C
KO,KARA,37.2607,35.0547,366.0,2005-08-26T00:00:00.000000Z,"BHE,BHN,BHZ,HHE,HHN,HHZ",broadband,False,623.0,C
KO,ESKY,40.5918,28.9071,2.0,2021-06-20T00:00:00.000000Z,"HNE,HNN,HNZ",strong_motion,True,642.0,C
KO,LAP,40.3703,26.7593,230.0,2002-10-08T00:00:00.000000Z,"BHE,BHN,BHZ,HHE,HHN,HHZ",broadband,False,484.0,C
KO,ESPY,40.9167,38.7273,430.0,2007-03-02T00:00:00.000000Z,"BHE,BHN,BHZ",broadband,False,546.0,C
KO,CTYL,41.476,28.2897,77.0,2007-09-29T00:00:00.000000Z,"BHE,BHN,BHZ,HHE,HHN,HHZ,HNE,HNN,HNZ","broadband,strong_motion",True,461.0,C
KO,HOPA,41.3867,41.4458,100.0,2012-03-22T00:00:00.000000Z,"HNE,HNN,HNZ",strong_motion,True,588.0,C
KO,EZN,39.8255,26.3246,48.0,2001-11-27T00:00:00.000000Z,"BHE,BHN,BHZ,HHE,HHN,HHZ",broadband,False,448.0,C
KO,AKS,38.8785,27.8129,385.0,2003-06-25T00:00:00.000000Z,"HNE,HNN,HNZ",strong_motion,True,541.0,C
KO,HKOY,40.892,35.9884,0.0,2013-12-06T00:00:00.000000Z,"HNE,HNN,HNZ",strong_motion,True,900.0,B
KO,KRTL,40.9089,29.1987,83.0,2022-03-15T00:00:00.000000Z,"HNE,HNN,HNZ",strong_motion,True,402.0,C
KO,LFK,35.2832,33.5335,690.0,2007-03-18T00:00:00.000000Z,"BHE,BHN,BHZ,HHE,HHN,HHZ",broadband,False,796.0,B
KO,CORM,40.1785,34.6302,1292.0,2004-12-15T00:00:00.000000Z,"BHE,BHN,BHZ,HHE,HHN,HHZ",broadband,False,605.0,C
KO,SLFK,36.3925,33.9464,54.0,2011-07-29T00:00:00.000000Z,"HNE,HNN,HNZ",strong_motion,True,470.0,C
KO,BLVD,38.7946,31.095,1220.0,2019-07-10T00:00:00.000000Z,"HHE,HHN,HHZ",broadband,False,504.0,C
KO,SPNC,40.686,30.3083,190.0,2008-06-27T00:00:00.000000Z,"BHE,BHN,BHZ,HHE,HHN,HHZ",broadband,False,532.0,C
KO,KULA,38.5145,28.6607,915.0,2007-02-20T00:00:00.000000Z,"BHE,BHN,BHZ,HHE,HHN,HHZ",broadband,False,515.0,C
KO,CEYT,37.0105,35.7478,100.0,2001-08-01T00:00:00.000000Z,"BHE,BHN,BHZ,HHE,HHN,HHZ",broadband,False,360.0,D
KO,KIYI,41.4844,28.2998,23.0,2011-01-12T00:00:00.000000Z,"HNE,HNN,HNZ",strong_motion,True,600.0,C
KO,GRDE,40.7995,32.2116,0.0,2012-10-12T00:00:00.000000Z,"HNE,HNN,HNZ",strong_motion,True,552.0,C
KO,EDRB,41.8469,26.7437,209.0,2002-03-27T00:00:00.000000Z,"BHE,BHN,BHZ,HHE,HHN,HHZ",broadband,False,407.0,C
KO,YUNK,38.806,31.7626,0.0,2012-11-12T00:00:00.000000Z,"HNE,HNN,HNZ",strong_motion,True,337.0,D
KO,VANB,38.509,43.4056,1227.0,2001-10-11T00:00:00.000000Z,"BHE,BHN,BHZ,HHE,HHN,HHZ",broadband,False,548.0,C
KO,BNN,38.8521,35.8472,1380.0,2001-02-01T00:00:00.000000Z,"BHE,BHN,BHZ,HHE,HHN,HHZ",broadband,False,468.0,C
KO,GAZK,40.7479,27.3275,30.0,2019-12-23T00:00:00.000000Z,"HHE,HHN,HHZ",broadband,False,608.0,C
KO,BRGA,40.8846,29.065,67.0,2012-04-04T00:00:00.000000Z,"HNE,HNN,HNZ",strong_motion,True,600.0,C
KO,KMON,41.3738,33.7839,936.0,2013-09-25T00:00:00.000000Z,"HNE,HNN,HNZ",strong_motion,True,564.0,C
KO,KRTS,36.573,35.375,53.0,2005-08-25T00:00:00.000000Z,"BHE,BHN,BHZ,HHE,HHN,HHZ,HNE,HNN,HNZ","broadband,strong_motion",True,313.0,D
KO,HVHR,40.9699,28.8445,22.0,2010-12-01T00:00:00.000000Z,"BNE,BNN,BNZ,HNE,HNN,HNZ",strong_motion,True,337.0,D
KO,CRLT,41.129,27.736,230.0,2007-05-15T00:00:00.000000Z,"BHE,BHN,BHZ,HHE,HHN,HHZ",broadband,False,435.0,C
KO,MAEG,40.9653,27.9448,2.0,2021-06-20T00:00:00.000000Z,"HNE,HNN,HNZ",strong_motion,True,255.0,D
KO,CAME,36.9435,29.3023,1391.0,2014-10-15T00:00:00.000000Z,"EHE,EHN,EHZ,HNE,HNN,HNZ","broadband,strong_motion",True,469.0,C
KO,RFHY,39.927,38.833,1851.0,2020-12-12T00:00:00.000000Z,"HNE,HNN,HNZ",strong_motion,True,739.0,C
KO,BNGB,38.9913,40.6792,1180.0,2008-11-21T00:00:00.000000Z,"BHE,BHN,BHZ,HHE,HHN,HHZ",broadband,False,603.0,C
KO,TZLA,40.8123,29.2968,2.0,2021-04-28T00:00:00.000000Z,"HNE,HNN,HNZ",strong_motion,True,600.0,C
KO,ODEM,38.2762,28.0747,797.0,2018-05-04T00:00:00.000000Z,"EHE,EHN,EHZ,HNE,HNN,HNZ","broadband,strong_motion",True,826.0,B
KO,MASR,41.7596,32.4658,325.0,2011-03-16T00:00:00.000000Z,"HNE,HNN,HNZ",strong_motion,True,534.0,C
KO,HDMB,36.9638,32.4857,1946.0,2003-11-06T00:00:00.000000Z,"BHE,BHN,BHZ,HHE,HHN,HHZ",broadband,False,540.0,C
KO,KONT,37.957,32.3563,1100.0,2000-10-31T00:00:00.000000Z,"BHE,BHN,BHZ,HHE,HHN,HHZ",broadband,False,572.0,C
KO,ENZZ,40.607,26.1406,11.0,2011-03-28T00:00:00.000000Z,"HNE,HNN,HNZ",strong_motion,True,378.0,C
KO,ALAN,36.557,32.0327,215.0,2011-08-10T00:00:00.000000Z,"HNE,HNN,HNZ",strong_motion,True,822.0,B
KO,SIRT,37.501,42.4392,1038.0,2005-06-22T00:00:00.000000Z,"BHE,BHN,BHZ,HHE,HHN,HHZ",broadband,False,629.0,C
KO,CHAY,41.0862,40.7253,60.0,2012-02-29T00:00:00.000000Z,"HNE,HNN,HNZ",strong_motion,True,501.0,C
KO,YENI,39.9364,27.24216,278.0,2018-04-19T00:00:00.000000Z,"HNE,HNN,HNZ",strong_motion,True,360.0,D
KO,ARMT,40.5683,28.866,320.0,2005-08-10T00:00:00.000000Z,"BHE,BHN,BHZ,HHE,HHN,HHZ,HNE,HNN,HNZ","broadband,strong_motion",True,900.0,B
KO,PHSR,41.6308,27.5238,263.0,2009-07-09T00:00:00.000000Z,"BHE,BHN,BHZ,HHE,HHN,HHZ",broadband,False,508.0,C
KO,ERIK,40.6708,26.5132,38.0,2008-07-02T00:00:00.000000Z,"BHE,BHN,BHZ,HHE,HHN,HHZ",broadband,False,262.0,D
KO,KHL,38.3231,29.5286,1003.0,2000-02-10T00:00:00.000000Z,"HNE,HNN,HNZ",strong_motion,True,448.0,C
KO,TUNC,39.6942,37.5388,1489.0,2020-09-27T00:00:00.000000Z,"HNE,HNN,HNZ",strong_motion,True,558.0,C
KO,YLVH,40.6953,29.3703,0.0,2010-10-25T00:00:00.000000Z,"HNE,HNN,HNZ",strong_motion,True,260.0,D
KO,GORD,38.9088,28.1769,744.0,2018-05-03T00:00:00.000000Z,"EHE,EHN,EHZ,HNE,HNN,HNZ","broadband,strong_motion",True,662.0,C
KO,KURC,41.8456,32.743,143.0,2011-12-15T00:00:00.000000Z,"HHE,HHN,HHZ",broadband,False,600.0,C
KO,YUVA,40.391,31.6872,1163.0,2013-09-09T00:00:00.000000Z,"EHE,EHN,EHZ,HNE,HNN,HNZ","broadband,strong_motion",True,629.0,C
KO,YAYO,39.6113,27.0726,122.0,2019-03-23T00:00:00.000000Z,"HHE,HHN,HHZ",broadband,False,520.0,C
KO,SENK,40.5614,42.3505,1939.0,2011-05-04T00:00:00.000000Z,"BHE,BHN,BHZ,HHE,HHN,HHZ",broadband,False,864.0,B
KO,NIG,38.108,34.6142,2270.0,2002-10-14T00:00:00.000000Z,"HNE,HNN,HNZ",strong_motion,True,665.0,C
KO,BUYK,41.0168,28.5828,2.0,2021-05-28T00:00:00.000000Z,"HNE,HNN,HNZ",strong_motion,True,245.0,D
KO,FETY,36.6353,29.0835,200.0,2004-12-03T00:00:00.000000Z,"BHE,BHN,BHZ,HHE,HHN,HHZ",broadband,False,382.0,C
KO,GEML,40.4646,29.2116,222.0,2020-06-11T00:00:00.000000Z,"HHE,HHN,HHZ",broadband,False,872.0,B
KO,AYDB,37.9467,27.8908,1246.0,2009-10-03T00:00:00.000000Z,"BHE,BHN,BHZ,HHE,HHN,HHZ",broadband,False,900.0,B
KO,SUSR,39.9627,28.0835,359.0,2018-05-03T00:00:00.000000Z,"EHE,EHN,EHZ,HNE,HNN,HNZ","broadband,strong_motion",True,744.0,C
KO,FOCM,38.7131,26.7309,34.0,2011-07-08T00:00:00.000000Z,"HNE,HNN,HNZ",strong_motion,True,553.0,C
KO,GOMA,38.7077,27.9175,110.0,2012-09-04T00:00:00.000000Z,"HNE,HNN,HNZ",strong_motion,True,636.0,C
KO,HYBA,40.8748,29.0861,65.0,2012-08-13T00:00:00.000000Z,"HNE,HNN,HNZ",strong_motion,True,600.0,C
KO,EREN,35.5292,34.1742,88.0,2007-03-22T00:00:00.000000Z,"BHE,BHN,BHZ,HHE,HHN,HHZ",broadband,False,461.0,C
KO,POLA,39.7005,32.1677,1068.0,2019-07-02T00:00:00.000000Z,"HHE,HHN,HHZ",broadband,False,580.0,C
KO,KUSD,37.8606,27.2868,323.0,2011-04-20T00:00:00.000000Z,"HNE,HNN,HNZ",strong_motion,True,616.0,C
KO,YLV,40.5658,29.3708,879.0,2000-08-19T00:00:00.000000Z,"BHE,BHN,BHZ,HHE,HHN,HHZ",broadband,False,674.0,C
KO,NAZL,37.9641,28.2922,510.0,2018-05-04T00:00:00.000000Z,"EHE,EHN,EHZ,HNE,HNN,HNZ","broadband,strong_motion",True,605.0,C
KO,ALT,39.0541,30.1104,1060.0,2001-03-26T00:00:00.000000Z,"BHE,BHN,BHZ,HNE,HNN,HNZ","broadband,strong_motion",True,444.0,C
KO,EZNE,39.756,26.3655,75.0,2018-04-11T00:00:00.000000Z,"HNE,HNN,HNZ",strong_motion,True,282.0,D
KO,LEF,35.1118,32.8433,152.0,2000-07-06T00:00:00.000000Z,"BHE,BHN,BHZ,HHE,HHN,HHZ",broadband,False,497.0,C
KO,MNVG,36.7935,31.4161,24.0,2011-08-10T00:00:00.000000Z,"HNE,HNN,HNZ",strong_motion,True,304.0,D
KO,KRMN,37.174,33.2636,1068.0,2014-02-07T00:00:00.000000Z,"EHE,EHN,EHZ,HNE,HNN,HNZ","broadband,strong_motion",True,441.0,C
KO,BMYO,39.8098,26.6009,121.0,2022-11-21T00:00:00.000000Z,"HNE,HNN,HNZ",strong_motion,True,384.0,C
KO,CAVI,40.2018,29.8377,670.0,2007-09-27T00:00:00.000000Z,"BHE,BHN,BHZ,HHE,HHN,HHZ",broadband,False,517.0,C
KO,KARO,39.3089,41.0493,1820.0,2012-11-28T00:00:00.000000Z,"HHE,HHN,HHZ",broadband,False,548.0,C
KO,SMAA,39.1005,28.9805,804.0,2012-05-09T00:00:00.000000Z,"HNE,HNN,HNZ",strong_motion,True,275.0,D
KO,KIZO,40.9005,35.9334,1050.0,2013-12-04T00:00:00.000000Z,"HNE,HNN,HNZ",strong_motion,True,609.0,C
KO,ESKT,39.5212,30.8492,1295.0,2002-10-04T00:00:00.000000Z,"HNE,HNN,HNZ",strong_motion,True,649.0,C
KO,CUND,39.336,26.6663,10.0,2011-04-22T00:00:00.000000Z,"HNE,HNN,HNZ",strong_motion,True,325.0,D
KO,KULU,39.0343,33.0023,1120.0,2009-06-16T00:00:00.000000Z,"BHE,BHN,BHZ,HHE,HHN,HHZ",broadband,False,355.0,D
KO,LAPK,40.3151,26.6425,2.0,2020-09-10T00:00:00.000000Z,"HNE,HNN,HNZ",strong_motion,True,389.0,C
KO,BIGA,40.28134,27.15048,60.0,2019-11-21T00:00:00.000000Z,"HNE,HNN,HNZ",strong_motion,True,364.0,C
KO,ORLT,40.0452,28.8914,650.0,2002-04-03T00:00:00.000000Z,"HNE,HNN,HNZ",strong_motion,True,610.0,C
KO,MALT,38.3134,38.4273,1112.0,2011-11-26T00:00:00.000000Z,"HHE,HHN,HHZ",broadband,False,829.0,B
KO,AFSR,39.4468,33.0707,1055.0,2008-09-05T00:00:00.000000Z,"BHE,BHN,BHZ,HHE,HHN,HHZ",broadband,False,413.0,C
KO,GAZ,37.1721,37.2096,992.0,2001-11-27T00:00:00.000000Z,"BHE,BHN,BHZ,HHE,HHN,HHZ",broadband,False,347.0,D
KO,YALI,40.7676,32.9822,1217.0,2019-12-20T00:00:00.000000Z,"HHE,HHN,HHZ",broadband,False,552.0,C
KO,ISK,41.0615,29.0592,85.0,1997-12-16T00:00:00.000000Z,"BHE,BHN,BHZ,HHE,HHN,HHZ",broadband,False,573.0,C
KO,GULA,38.3444,34.236,1126.0,2009-06-19T00:00:00.000000Z,"BHE,BHN,BHZ,HHE,HHN,HHZ",broadband,False,301.0,D
KO,GEMT,40.435,29.189,220.0,2006-07-07T00:00:00.000000Z,"BHE,BHN,BHZ,HHE,HHN,HHZ",broadband,False,676.0,C
KO,DATC,36.7584,27.6602,94.0,2011-04-22T00:00:00.000000Z,"HNE,HNN,HNZ",strong_motion,True,436.0,C
KO,ENEZ,40.7362,26.153,100.0,2006-06-21T00:00:00.000000Z,"BHE,BHN,BHZ,HHE,HHN,HHZ",broadband,False,462.0,C
KO,AKDN,35.2977,32.9677,85.0,2008-11-19T00:00:00.000000Z,"BNE,BNN,BNZ,HNE,HNN,HNZ",strong_motion,True,452.0,C
KO,SINE,39.1636,39.3871,1210.0,2023-06-15T00:00:00.000000Z,"HHE,HHN,HHZ",broadband,False,527.0,C
KO,SILV,41.0723,28.239,2.0,2023-05-25T00:00:00.000000Z,"HNE,HNN,HNZ",strong_motion,True,324.0,D
KO,MAGT,35.1696,33.8714,23.3,2023-07-11T00:00:00.000000Z,"HHE,HHN,HHZ",broadband,False,240.0,D
KO,CAYL,40.3745,36.159,740.0,2023-07-13T00:00:00.000000Z,"HHE,HHN,HHZ",broadband,False,646.0,C
KO,HSY,35.2916,33.0974,25.7,2023-07-12T00:00:00.000000Z,"HHE,HHN,HHZ",broadband,False,419.0,C
KO,BOLI,40.7175,31.5148,910.0,2023-12-28T00:00:00.000000Z,"HHE,HHN,HHZ",broadband,False,257.0,D
KO,SUTC,37.4765,30.9997,1310.0,2006-05-04T00:00:00.000000Z,"HHE,HHN,HHZ",broadband,False,579.0,C
KO,OSMA,40.9939,34.7605,418.0,2023-12-30T00:00:00.000000Z,"HHE,HHN,HHZ",broadband,False,367.0,C
KO,GERE,40.8004,32.2154,1373.0,2023-12-29T00:00:00.000000Z,"HHE,HHN,HHZ",broadband,False,528.0,C
KO,KMAH,39.6082,39.0275,1100.0,2024-02-27T00:00:00.000000Z,"HHE,HHN,HHZ",broadband,False,518.0,C
KO,KBAN,38.797,38.7278,745.0,2024-09-03T00:00:00.000000Z,"HHE,HHN,HHZ",broadband,False,882.0,B
KO,ARGN,38.7763,38.2639,1185.0,2024-10-16T00:00:00.000000Z,"HHE,HHN,HHZ",broadband,False,605.0,C
KO,BAKL,37.9793,29.6135,1032.0,2020-12-24T00:00:00.000000Z,"HHE,HHN,HHZ",broadband,False,580.0,C
KO,LICE,38.4532,40.6446,963.0,2022-11-25T00:00:00.000000Z,"HHE,HHN,HHZ",broadband,False,436.0,C
KO,NURH,37.9693,37.4363,1563.0,2024-10-15T00:00:00.000000Z,"HHE,HHN,HHZ",broadband,False,900.0,B
KO,SERH,37.582,29.2588,1032.0,2020-12-24T00:00:00.000000Z,"HHE,HHN,HHZ",broadband,False,900.0,B
KO,PERB,41.1016,37.7635,270.0,2024-06-27T00:00:00.000000Z,"HHE,HHN,HHZ",broadband,False,437.0,C
KO,BABD,37.802,28.8531,900.0,2020-12-24T00:00:00.000000Z,"HHE,HHN,HHZ",broadband,False,626.0,C
KO,GUZE,40.9998,28.5074,3.0,2021-06-20T00:00:00.000000Z,"HNE,HNN,HNZ",strong_motion,True,398.0,C
KO,AYVL,39.2907,26.69,17.0,2025-05-14T00:00:00.000000Z,"HHE,HHN,HHZ",broadband,False,439.0,C
KO,NMR6,40.704,27.2653,333.0,2025-04-16T00:00:00.000000Z,"HHE,HHN,HHZ",broadband,False,611.0,C
KO,NMR3,40.7432,27.2944,235.0,2025-04-16T00:00:00.000000Z,"HHE,HHN,HHZ",broadband,False,630.0,C
KO,NMR2,40.7172,27.3123,10.0,2025-04-16T00:00:00.000000Z,"HHE,HHN,HHZ",broadband,False,561.0,C
KO,NMR7,40.728,27.2353,338.0,2025-04-16T00:00:00.000000Z,"HHE,HHN,HHZ",broadband,False,686.0,C
KO,NMR5,40.7954,27.366,97.0,2025-04-16T00:00:00.000000Z,"HHE,HHN,HHZ",broadband,False,769.0,B
KO,NMR4,40.788,27.3006,925.0,2025-04-16T00:00:00.000000Z,"HHE,HHN,HHZ",broadband,False,537.0,C
KO,NMR9,40.6196,27.702,9.0,2025-05-27T00:00:00.000000Z,"HHE,HHN,HHZ",broadband,False,660.0,C
KO,NMR8,40.612,27.5347,9.0,2025-05-27T00:00:00.000000Z,"HHE,HHN,HHZ",broadband,False,566.0,C
KO,DIVR,39.3562,38.1237,1257.0,2025-07-23T00:00:00.000000Z,"HHE,HHN,HHZ",broadband,False,481.0,C
KO,MLTY,38.3223,38.4407,1018.0,2025-07-22T00:00:00.000000Z,"HHE,HHN,HHZ",broadband,False,519.0,C
KO,AKDG,38.3618,37.9703,1131.0,2025-08-13T00:00:00.000000Z,"HHE,HHN,HHZ",broadband,False,736.0,C
KO,YHT1,38.1219,32.6236,1059.0,2026-04-26T00:00:00.000000Z,"HNE,HNN,HNZ",strong_motion,True,607.0,C
KO,YHT3,37.2297,33.1503,1032.0,2026-04-27T00:00:00.000000Z,"HNE,HNN,HNZ",strong_motion,True,218.0,D
KO,SLVA,41.0731,28.1403,14.0,2025-12-09T00:00:00.000000Z,"HNE,HNN,HNZ",strong_motion,True,405.0,C
KO,YHT2,37.6151,32.724,1020.0,2026-04-27T00:00:00.000000Z,"HNE,HNN,HNZ",strong_motion,True,180.0,E
