event_id,station,file,p_pick_time,magnitude,mag_type,mw_estimate,available_windows_sec
quakeml:eu.emsc/event/20170721_0000092,DAT,data/processed/waveforms/quakeml-c-eu.emsc-s-event-s-20170721_0000092_DAT.mseed,2017-07-21T05:05:30.820000Z,4.6,mw,4.6,"1,3,5,10"
quakeml:eu.emsc/event/20201030_0000093,BLCB,data/processed/waveforms/quakeml-c-eu.emsc-s-event-s-20201030_0000093_BLCB.mseed,2020-10-30T11:56:05.060000Z,4.8,ml,4.54,"1,3,5,10"
quakeml:eu.emsc/event/20201030_0000093,KRBN,data/processed/waveforms/quakeml-c-eu.emsc-s-event-s-20201030_0000093_KRBN.mseed,2020-10-30T11:56:15.590000Z,4.8,ml,4.54,"1,3,5,10"
smi:ISC/evid=642689049,DARE,data/processed/waveforms/smi-c-ISC-s-evid-e-642689049_DARE.mseed,2023-02-06T10:33:55.620000Z,4.9,ml,4.61,"1,3,5,10"
smi:ISC/evid=642689049,KMRS,data/processed/waveforms/smi-c-ISC-s-evid-e-642689049_KMRS.mseed,2023-02-06T10:33:53.300000Z,4.9,ml,4.61,"1,3,5,10"
smi:ISC/evid=642689049,TUNC,data/processed/waveforms/smi-c-ISC-s-evid-e-642689049_TUNC.mseed,2023-02-06T10:36:29.530000Z,4.9,ml,4.61,"1,3,5,10"
smi:ISC/evid=642689049,CMRD,data/processed/waveforms/smi-c-ISC-s-evid-e-642689049_CMRD.mseed,2023-02-06T10:36:41.930000Z,4.9,ml,4.61,"1,3,5,10"
smi:ISC/evid=642709488,URFA,data/processed/waveforms/smi-c-ISC-s-evid-e-642709488_URFA.mseed,2023-02-06T01:33:37.100000Z,4.7,mw,4.7,"1,3,5,10"
smi:ISC/evid=642709488,KARO,data/processed/waveforms/smi-c-ISC-s-evid-e-642709488_KARO.mseed,2023-02-06T01:33:32.070000Z,4.7,mw,4.7,"1,3,5,10"
smi:ISC/evid=644682322,SIMA,data/processed/waveforms/smi-c-ISC-s-evid-e-644682322_SIMA.mseed,2025-02-06T02:54:41.750000Z,4.8,ml,4.54,"1,3,5,10"
us10001rdw,BODT,data/processed/waveforms/us10001rdw_BODT.mseed,2015-03-27T23:35:19.220000Z,5.2,mww,5.2,"1,3,5,10"
us10001rdw,MRSB,data/processed/waveforms/us10001rdw_MRSB.mseed,2015-03-27T23:35:44.010000Z,5.2,mww,5.2,"1,3,5,10"
us10002l9m,VANB,data/processed/waveforms/us10002l9m_VANB.mseed,2015-06-23T22:35:26.680000Z,4.5,mwr,4.5,"1,3,5,10"
us10002l9m,AKDM,data/processed/waveforms/us10002l9m_AKDM.mseed,2015-06-23T22:35:29.000000Z,4.5,mwr,4.5,"1,3,5,10"
us10002l9m,CLDR,data/processed/waveforms/us10002l9m_CLDR.mseed,2015-06-23T22:35:34.220000Z,4.5,mwr,4.5,"1,3,5,10"
us10002w89,KRTS,data/processed/waveforms/us10002w89_KRTS.mseed,2015-07-29T22:01:04.660000Z,4.9,mwr,4.9,"1,3,5,10"
us10002w89,MERS,data/processed/waveforms/us10002w89_MERS.mseed,2015-07-29T22:01:06.140000Z,4.9,mwr,4.9,"1,3,5,10"
us1000339b,LEF,data/processed/waveforms/us1000339b_LEF.mseed,2015-08-18T21:20:07.220000Z,5.0,mww,5.0,"1,3,5,10"
us10003ksq,DEMR,data/processed/waveforms/us10003ksq_DEMR.mseed,2015-10-06T21:27:39.690000Z,5.2,mww,5.2,"1,3,5,10"
us10003ksq,ELL,data/processed/waveforms/us10003ksq_ELL.mseed,2015-10-06T21:27:46.060000Z,5.2,mww,5.2,"1,3,5,10"
us10003ksq,FETY,data/processed/waveforms/us10003ksq_FETY.mseed,2015-10-06T21:27:49.420000Z,5.2,mww,5.2,"1,3,5,10"
us100044xr,YEDI,data/processed/waveforms/us100044xr_YEDI.mseed,2015-12-07T23:27:23.760000Z,4.5,mwr,4.5,"1,3,5,10"
us100044xr,BNGB,data/processed/waveforms/us100044xr_BNGB.mseed,2015-12-07T23:27:26.900000Z,4.5,mwr,4.5,"1,3,5,10"
us100044xr,ERZN,data/processed/waveforms/us100044xr_ERZN.mseed,2015-12-07T23:27:28.440000Z,4.5,mwr,4.5,"1,3,5,10"
us100044xr,KARO,data/processed/waveforms/us100044xr_KARO.mseed,2015-12-07T23:27:30.370000Z,4.5,mwr,4.5,"1,3,5,10"
us100062vt,KARS,data/processed/waveforms/us100062vt_KARS.mseed,2016-07-12T10:14:22.480000Z,4.8,mwr,4.8,"1,3,5,10"
us100062vt,TASB,data/processed/waveforms/us100062vt_TASB.mseed,2016-07-12T10:14:51.350000Z,4.8,mwr,4.8,"1,3,5,10"
us100062vt,SENK,data/processed/waveforms/us100062vt_SENK.mseed,2016-07-12T10:14:57.880000Z,4.8,mwr,4.8,"1,3,5,10"
us10007vdu,DAT,data/processed/waveforms/us10007vdu_DAT.mseed,2017-01-25T18:51:40.660000Z,5.2,mww,5.2,"1,3,5,10"
us10007vdu,MLSB,data/processed/waveforms/us10007vdu_MLSB.mseed,2017-01-25T18:51:55.100000Z,5.2,mww,5.2,"1,3,5,10"
us10007vdu,DALY,data/processed/waveforms/us10007vdu_DALY.mseed,2017-01-25T18:51:30.000000Z,5.2,mww,5.2,"1,3,5,10"
us10007vdu,YER,data/processed/waveforms/us10007vdu_YER.mseed,2017-01-25T18:51:30.580000Z,5.2,mww,5.2,"1,3,5,10"
us10007vud,FETY,data/processed/waveforms/us10007vud_FETY.mseed,2017-01-27T20:51:41.150000Z,4.8,mwr,4.8,"1,3,5,10"
us10007vud,DALY,data/processed/waveforms/us10007vud_DALY.mseed,2017-01-27T20:51:43.780000Z,4.8,mwr,4.8,"1,3,5,10"
us10007vud,CAME,data/processed/waveforms/us10007vud_CAME.mseed,2017-01-27T20:51:48.860000Z,4.8,mwr,4.8,"1,3,5,10"
us10007vud,YER,data/processed/waveforms/us10007vud_YER.mseed,2017-01-27T20:52:11.420000Z,4.8,mwr,4.8,"1,3,5,10"
us10007vud,DAT,data/processed/waveforms/us10007vud_DAT.mseed,2017-01-27T20:51:51.720000Z,4.8,mwr,4.8,"1,3,5,10"
us100085uc,EZN,data/processed/waveforms/us100085uc_EZN.mseed,2017-02-28T23:27:42.190000Z,4.6,mwr,4.6,"1,3,5,10"
us100085uc,GADA,data/processed/waveforms/us100085uc_GADA.mseed,2017-02-28T23:27:48.180000Z,4.6,mwr,4.6,"1,3,5,10"
us100085uc,DKL,data/processed/waveforms/us100085uc_DKL.mseed,2017-02-28T23:27:51.220000Z,4.6,mwr,4.6,"1,3,5,10"
us100086gw,URFA,data/processed/waveforms/us100086gw_URFA.mseed,2017-03-02T11:07:34.600000Z,5.6,mww,5.6,"1,3,5,10"
us100086gw,GAZ,data/processed/waveforms/us100086gw_GAZ.mseed,2017-03-02T11:07:46.860000Z,5.6,mww,5.6,"1,3,5,10"
us100086gw,DARE,data/processed/waveforms/us100086gw_DARE.mseed,2017-03-02T11:07:50.100000Z,5.6,mww,5.6,"1,3,5,10"
us100086gw,DYBB,data/processed/waveforms/us100086gw_DYBB.mseed,2017-03-02T11:07:50.940000Z,5.6,mww,5.6,"1,3,5,10"
us10008hbd,DALY,data/processed/waveforms/us10008hbd_DALY.mseed,2017-04-13T16:22:21.780000Z,5.0,mwr,5.0,"1,3,5,10"
us10008hbd,YER,data/processed/waveforms/us10008hbd_YER.mseed,2017-04-13T16:22:22.620000Z,5.0,mwr,5.0,"1,3,5,10"
us10008hbd,CAME,data/processed/waveforms/us10008hbd_CAME.mseed,2017-04-13T16:22:29.000000Z,5.0,mwr,5.0,"1,3,5,10"
us10008hbd,APMY,data/processed/waveforms/us10008hbd_APMY.mseed,2017-04-13T16:22:27.690000Z,5.0,mwr,5.0,"1,3,5,10"
us10008t03,BODT,data/processed/waveforms/us10008t03_BODT.mseed,2017-05-17T11:30:53.400000Z,4.9,mwr,4.9,"1,3,5,10"
us10008t03,DALY,data/processed/waveforms/us10008t03_DALY.mseed,2017-05-17T11:30:56.220000Z,4.9,mwr,4.9,"1,3,5,10"
us10008t03,YER,data/processed/waveforms/us10008t03_YER.mseed,2017-05-17T11:30:59.400000Z,4.9,mwr,4.9,"1,3,5,10"
us10008t03,MLSB,data/processed/waveforms/us10008t03_MLSB.mseed,2017-05-17T11:30:57.820000Z,4.9,mwr,4.9,"1,3,5,10"
us10008vt5,KULA,data/processed/waveforms/us10008vt5_KULA.mseed,2017-05-27T15:53:38.340000Z,5.1,mwr,5.1,"1,3,5,10"
us10008vt5,DKL,data/processed/waveforms/us10008vt5_DKL.mseed,2017-05-27T15:53:40.560000Z,5.1,mwr,5.1,"1,3,5,10"
us1000dr1j,URFA,data/processed/waveforms/us1000dr1j_URFA.mseed,2018-04-24T00:34:36.180000Z,5.2,mww,5.2,"1,3,5,10"
us1000dr1j,GAZ,data/processed/waveforms/us1000dr1j_GAZ.mseed,2018-04-24T00:34:51.100000Z,5.2,mww,5.2,"1,3,5,10"
us1000dr1j,DARE,data/processed/waveforms/us1000dr1j_DARE.mseed,2018-04-24T00:34:53.380000Z,5.2,mww,5.2,"1,3,5,10"
us1000hwa8,FETY,data/processed/waveforms/us1000hwa8_FETY.mseed,2018-11-25T02:40:52.120000Z,4.5,mwr,4.5,"1,3,5,10"
us1000hwa8,DALY,data/processed/waveforms/us1000hwa8_DALY.mseed,2018-11-25T02:40:50.900000Z,4.5,mwr,4.5,"1,3,5,10"
us1000jj23,APMY,data/processed/waveforms/us1000jj23_APMY.mseed,2019-03-20T06:34:30.640000Z,5.7,mww,5.7,"1,3,5,10"
us1000jj23,CAME,data/processed/waveforms/us1000jj23_CAME.mseed,2019-03-20T06:34:37.230000Z,5.7,mww,5.7,"1,3,5,10"
us1000jj23,BASM,data/processed/waveforms/us1000jj23_BASM.mseed,2019-03-20T06:34:40.830000Z,5.7,mww,5.7,"1,3,5,10"
us1000jj23,ELL,data/processed/waveforms/us1000jj23_ELL.mseed,2019-03-20T06:34:42.780000Z,5.7,mww,5.7,"1,3,5,10"
us2000277l,BODT,data/processed/waveforms/us2000277l_BODT.mseed,2015-04-17T02:06:15.080000Z,5.3,mww,5.3,"1,3,5,10"
us2000277l,DALY,data/processed/waveforms/us2000277l_DALY.mseed,2015-04-17T02:06:22.980000Z,5.3,mww,5.3,"1,3,5,10"
us2000277l,MLSB,data/processed/waveforms/us2000277l_MLSB.mseed,2015-04-17T02:06:34.680000Z,5.3,mww,5.3,"1,3,5,10"
us20003h1b,YEDI,data/processed/waveforms/us20003h1b_YEDI.mseed,2015-09-07T00:37:43.780000Z,4.5,mwr,4.5,"1,3,5,10"
us20003h1b,BNGB,data/processed/waveforms/us20003h1b_BNGB.mseed,2015-09-07T00:37:44.140000Z,4.5,mwr,4.5,"1,3,5,10"
us20003h1b,ERZN,data/processed/waveforms/us20003h1b_ERZN.mseed,2015-09-07T00:37:48.080000Z,4.5,mwr,4.5,"1,3,5,10"
us20003h1b,KARO,data/processed/waveforms/us20003h1b_KARO.mseed,2015-09-07T00:37:51.190000Z,4.5,mwr,4.5,"1,3,5,10"
us20003hpu,KRBN,data/processed/waveforms/us20003hpu_KRBN.mseed,2015-09-10T08:12:53.510000Z,4.7,mwr,4.7,"1,3,5,10"
us20003hpu,BLCB,data/processed/waveforms/us20003hpu_BLCB.mseed,2015-09-10T08:13:00.880000Z,4.7,mwr,4.7,"1,3,5,10"
us20007ebw,KDZE,data/processed/waveforms/us20007ebw_KDZE.mseed,2016-10-15T08:18:53.140000Z,5.1,mww,5.1,"1,3,5,10"
us20007ebw,SILT,data/processed/waveforms/us20007ebw_SILT.mseed,2016-10-15T08:18:58.730000Z,5.1,mww,5.1,"1,3,5,10"
us20007ebw,SAUV,data/processed/waveforms/us20007ebw_SAUV.mseed,2016-10-15T08:19:00.180000Z,5.1,mww,5.1,"1,3,5,10"
us20007ebw,KLYT,data/processed/waveforms/us20007ebw_KLYT.mseed,2016-10-15T08:19:02.110000Z,5.1,mww,5.1,"1,3,5,10"
us20007ebw,KAVV,data/processed/waveforms/us20007ebw_KAVV.mseed,2016-10-15T08:19:03.750000Z,5.1,mww,5.1,"1,3,5,10"
us20008hv1,GPNR,data/processed/waveforms/us20008hv1_GPNR.mseed,2017-02-06T03:51:45.770000Z,5.3,mww,5.3,"1,3,5,10"
us20008hv1,EZN,data/processed/waveforms/us20008hv1_EZN.mseed,2017-02-06T03:51:47.170000Z,5.3,mww,5.3,"1,3,5,10"
us20008hv1,GADA,data/processed/waveforms/us20008hv1_GADA.mseed,2017-02-06T03:51:53.860000Z,5.3,mww,5.3,"1,3,5,10"
us20008hv1,DKL,data/processed/waveforms/us20008hv1_DKL.mseed,2017-02-06T03:51:57.500000Z,5.3,mww,5.3,"1,3,5,10"
us20008hv1,KRBG,data/processed/waveforms/us20008hv1_KRBG.mseed,2017-02-06T03:52:03.830000Z,5.3,mww,5.3,"1,3,5,10"
us20008hwm,GPNR,data/processed/waveforms/us20008hwm_GPNR.mseed,2017-02-06T10:58:06.850000Z,5.2,mww,5.2,"1,3,5,10"
us20008hwm,EZN,data/processed/waveforms/us20008hwm_EZN.mseed,2017-02-06T10:58:08.830000Z,5.2,mww,5.2,"1,3,5,10"
us20008hwm,GADA,data/processed/waveforms/us20008hwm_GADA.mseed,2017-02-06T10:58:15.240000Z,5.2,mww,5.2,"1,3,5,10"
us20008hwm,DKL,data/processed/waveforms/us20008hwm_DKL.mseed,2017-02-06T10:58:18.540000Z,5.2,mww,5.2,"1,3,5,10"
us20008hwm,KRBG,data/processed/waveforms/us20008hwm_KRBG.mseed,2017-02-06T10:58:25.240000Z,5.2,mww,5.2,"1,3,5,10"
us20008i2k,GPNR,data/processed/waveforms/us20008i2k_GPNR.mseed,2017-02-07T02:24:07.440000Z,5.3,mww,5.3,"1,3,5,10"
us20008i2k,EZN,data/processed/waveforms/us20008i2k_EZN.mseed,2017-02-07T02:24:10.410000Z,5.3,mww,5.3,"1,3,5,10"
us20008i2k,GADA,data/processed/waveforms/us20008i2k_GADA.mseed,2017-02-07T02:24:17.260000Z,5.3,mww,5.3,"1,3,5,10"
us20008i2k,DKL,data/processed/waveforms/us20008i2k_DKL.mseed,2017-02-07T02:24:20.280000Z,5.3,mww,5.3,"1,3,5,10"
us20008i2k,KRBG,data/processed/waveforms/us20008i2k_KRBG.mseed,2017-02-07T02:24:27.000000Z,5.3,mww,5.3,"1,3,5,10"
us20008idh,EZN,data/processed/waveforms/us20008idh_EZN.mseed,2017-02-08T01:38:10.430000Z,4.5,mwr,4.5,"1,3,5,10"
us20008idh,GADA,data/processed/waveforms/us20008idh_GADA.mseed,2017-02-08T01:38:20.340000Z,4.5,mwr,4.5,"1,3,5,10"
us20008idh,DKL,data/processed/waveforms/us20008idh_DKL.mseed,2017-02-08T01:38:20.860000Z,4.5,mwr,4.5,"1,3,5,10"
us20008idh,KRBG,data/processed/waveforms/us20008idh_KRBG.mseed,2017-02-08T01:38:27.570000Z,4.5,mwr,4.5,"1,3,5,10"
us20008jcc,GPNR,data/processed/waveforms/us20008jcc_GPNR.mseed,2017-02-12T13:48:19.890000Z,5.3,mww,5.3,"1,3,5,10"
us20008jcc,EZN,data/processed/waveforms/us20008jcc_EZN.mseed,2017-02-12T13:48:23.050000Z,5.3,mww,5.3,"1,3,5,10"
us20008jcc,GADA,data/processed/waveforms/us20008jcc_GADA.mseed,2017-02-12T13:48:29.700000Z,5.3,mww,5.3,"1,3,5,10"
us20008jcc,DKL,data/processed/waveforms/us20008jcc_DKL.mseed,2017-02-12T13:48:32.600000Z,5.3,mww,5.3,"1,3,5,10"
us20008jcc,KRBG,data/processed/waveforms/us20008jcc_KRBG.mseed,2017-02-12T13:48:39.160000Z,5.3,mww,5.3,"1,3,5,10"
us20008k41,GPNR,data/processed/waveforms/us20008k41_GPNR.mseed,2017-02-16T00:19:05.760000Z,4.5,mwr,4.5,"1,3,5,10"
us20008k41,EZN,data/processed/waveforms/us20008k41_EZN.mseed,2017-02-16T00:19:07.850000Z,4.5,mwr,4.5,"1,3,5,10"
us20008k41,GADA,data/processed/waveforms/us20008k41_GADA.mseed,2017-02-16T00:19:14.240000Z,4.5,mwr,4.5,"1,3,5,10"
us20008k41,DKL,data/processed/waveforms/us20008k41_DKL.mseed,2017-02-16T00:19:17.800000Z,4.5,mwr,4.5,"1,3,5,10"
us20008k41,KRBG,data/processed/waveforms/us20008k41_KRBG.mseed,2017-02-16T00:19:24.910000Z,4.5,mwr,4.5,"1,3,5,10"
us20009nz3,BLCB,data/processed/waveforms/us20009nz3_BLCB.mseed,2017-06-22T02:49:05.440000Z,4.8,mwr,4.8,"1,3,5,10"
us20009ynd,DAT,data/processed/waveforms/us20009ynd_DAT.mseed,2017-07-20T22:31:15.940000Z,6.6,mww,6.6,"1,3,5,10"
us20009ynd,MLSB,data/processed/waveforms/us20009ynd_MLSB.mseed,2017-07-20T22:31:19.420000Z,6.6,mww,6.6,"1,3,5,10"
us20009ynd,YER,data/processed/waveforms/us20009ynd_YER.mseed,2017-07-20T22:31:25.240000Z,6.6,mww,6.6,"1,3,5,10"
us20009ynd,DALY,data/processed/waveforms/us20009ynd_DALY.mseed,2017-07-20T22:31:30.120000Z,6.6,mww,6.6,"1,3,5,10"
us20009zaf,DAT,data/processed/waveforms/us20009zaf_DAT.mseed,2017-07-21T17:09:52.960000Z,5.0,mww,5.0,"1,3,5,10"
us20009zaf,MLSB,data/processed/waveforms/us20009zaf_MLSB.mseed,2017-07-21T17:10:01.200000Z,5.0,mww,5.0,"1,3,5,10"
us20009zaf,YER,data/processed/waveforms/us20009zaf_YER.mseed,2017-07-21T17:10:07.180000Z,5.0,mww,5.0,"1,3,5,10"
us20009zaf,DALY,data/processed/waveforms/us20009zaf_DALY.mseed,2017-07-21T17:10:10.940000Z,5.0,mww,5.0,"1,3,5,10"
us2000a7s6,MLSB,data/processed/waveforms/us2000a7s6_MLSB.mseed,2017-08-13T11:16:56.580000Z,4.9,mwr,4.9,"1,3,5,10"
us2000a7s6,BODT,data/processed/waveforms/us2000a7s6_BODT.mseed,2017-08-13T11:16:59.820000Z,4.9,mwr,4.9,"1,3,5,10"
us2000a7s6,DAT,data/processed/waveforms/us2000a7s6_DAT.mseed,2017-08-13T11:17:02.060000Z,4.9,mwr,4.9,"1,3,5,10"
us2000a7s6,YER,data/processed/waveforms/us2000a7s6_YER.mseed,2017-08-13T11:17:04.440000Z,4.9,mwr,4.9,"1,3,5,10"
us2000advt,DAT,data/processed/waveforms/us2000advt_DAT.mseed,2017-09-01T16:48:51.500000Z,4.9,mww,4.9,"1,3,5,10"
us2000advt,DALY,data/processed/waveforms/us2000advt_DALY.mseed,2017-09-01T16:48:53.120000Z,4.9,mww,4.9,"1,3,5,10"
us2000advt,YER,data/processed/waveforms/us2000advt_YER.mseed,2017-09-01T16:48:56.360000Z,4.9,mww,4.9,"1,3,5,10"
us2000advt,BODT,data/processed/waveforms/us2000advt_BODT.mseed,2017-09-01T16:49:11.800000Z,4.9,mww,4.9,"1,3,5,10"
us2000bjnj,DALY,data/processed/waveforms/us2000bjnj_DALY.mseed,2017-11-07T02:40:45.620000Z,4.9,mwr,4.9,"1,3,5,10"
us2000bjnj,FETY,data/processed/waveforms/us2000bjnj_FETY.mseed,2017-11-07T02:40:46.330000Z,4.9,mwr,4.9,"1,3,5,10"
us2000bjnj,DAT,data/processed/waveforms/us2000bjnj_DAT.mseed,2017-11-07T02:40:52.120000Z,4.9,mwr,4.9,"1,3,5,10"
us2000bjnj,YER,data/processed/waveforms/us2000bjnj_YER.mseed,2017-11-07T02:40:50.280000Z,4.9,mwr,4.9,"1,3,5,10"
us2000bjnj,CAME,data/processed/waveforms/us2000bjnj_CAME.mseed,2017-11-07T02:40:51.290000Z,4.9,mwr,4.9,"1,3,5,10"
us2000bt6a,DALY,data/processed/waveforms/us2000bt6a_DALY.mseed,2017-11-22T20:22:58.560000Z,5.1,mww,5.1,"1,3,5,10"
us2000bt6a,YER,data/processed/waveforms/us2000bt6a_YER.mseed,2017-11-22T20:22:59.080000Z,5.1,mww,5.1,"1,3,5,10"
us2000bt6a,CAME,data/processed/waveforms/us2000bt6a_CAME.mseed,2017-11-22T20:23:13.770000Z,5.1,mww,5.1,"1,3,5,10"
us2000bt6a,APMY,data/processed/waveforms/us2000bt6a_APMY.mseed,2017-11-22T20:23:04.970000Z,5.1,mww,5.1,"1,3,5,10"
us2000bu6g,DALY,data/processed/waveforms/us2000bu6g_DALY.mseed,2017-11-24T21:49:21.420000Z,5.2,mww,5.2,"1,3,5,10"
us2000bu6g,YER,data/processed/waveforms/us2000bu6g_YER.mseed,2017-11-24T21:49:21.680000Z,5.2,mww,5.2,"1,3,5,10"
us2000bu6g,CAME,data/processed/waveforms/us2000bu6g_CAME.mseed,2017-11-24T21:49:31.660000Z,5.2,mww,5.2,"1,3,5,10"
us2000bu6g,APMY,data/processed/waveforms/us2000bu6g_APMY.mseed,2017-11-24T21:49:27.770000Z,5.2,mww,5.2,"1,3,5,10"
us2000dzu5,SEYD,data/processed/waveforms/us2000dzu5_SEYD.mseed,2018-04-13T17:14:08.480000Z,4.8,mwr,4.8,"1,3,5,10"
us2000dzu5,HDMB,data/processed/waveforms/us2000dzu5_HDMB.mseed,2018-04-13T17:14:10.070000Z,4.8,mwr,4.8,"1,3,5,10"
us2000dzu5,KONT,data/processed/waveforms/us2000dzu5_KONT.mseed,2018-04-13T17:14:18.820000Z,4.8,mwr,4.8,"1,3,5,10"
us2000hc6y,BCK,data/processed/waveforms/us2000hc6y_BCK.mseed,2018-09-10T23:03:10.940000Z,5.1,mwr,5.1,"1,3,5,10"
us2000hc6y,ELL,data/processed/waveforms/us2000hc6y_ELL.mseed,2018-09-10T23:03:15.480000Z,5.1,mwr,5.1,"1,3,5,10"
us2000hc6y,BASM,data/processed/waveforms/us2000hc6y_BASM.mseed,2018-09-10T23:03:15.390000Z,5.1,mwr,5.1,"1,3,5,10"
us2000hdam,ALAN,data/processed/waveforms/us2000hdam_ALAN.mseed,2018-09-12T06:22:03.630000Z,5.3,mww,5.3,"1,3,5,10"
us2000hdam,ELL,data/processed/waveforms/us2000hdam_ELL.mseed,2018-09-12T06:22:09.820000Z,5.3,mww,5.3,"1,3,5,10"
us2000j6mu,FETY,data/processed/waveforms/us2000j6mu_FETY.mseed,2019-01-20T15:50:14.990000Z,4.9,mww,4.9,"1,3,5,10"
us2000j6mu,DAT,data/processed/waveforms/us2000j6mu_DAT.mseed,2019-01-20T15:50:15.540000Z,4.9,mww,4.9,"1,3,5,10"
us2000j6mu,YER,data/processed/waveforms/us2000j6mu_YER.mseed,2019-01-20T15:50:21.260000Z,4.9,mww,4.9,"1,3,5,10"
us2000jgqe,LOD,data/processed/waveforms/us2000jgqe_LOD.mseed,2019-02-12T17:14:45.580000Z,4.8,mwr,4.8,"1,3,5,10"
us2000jgqe,YUVA,data/processed/waveforms/us2000jgqe_YUVA.mseed,2019-02-12T17:14:53.380000Z,4.8,mwr,4.8,"1,3,5,10"
us2000kacn,PTK,data/processed/waveforms/us2000kacn_PTK.mseed,2019-04-04T17:31:18.500000Z,5.2,mww,5.2,"1,3,5,10"
us2000kacn,MAZI,data/processed/waveforms/us2000kacn_MAZI.mseed,2019-04-04T17:31:34.520000Z,5.2,mww,5.2,"1,3,5,10"
us2000kacn,DARE,data/processed/waveforms/us2000kacn_DARE.mseed,2019-04-04T17:31:32.560000Z,5.2,mww,5.2,"1,3,5,10"
us600062ps,DALY,data/processed/waveforms/us600062ps_DALY.mseed,2019-10-24T21:06:54.320000Z,4.6,mwr,4.6,"1,3,5,10"
us600062ps,FETY,data/processed/waveforms/us600062ps_FETY.mseed,2019-10-24T21:06:49.830000Z,4.6,mwr,4.6,"1,3,5,10"
us600062ps,CAME,data/processed/waveforms/us600062ps_CAME.mseed,2019-10-24T21:07:10.990000Z,4.6,mwr,4.6,"1,3,5,10"
us60007fs4,SVRC,data/processed/waveforms/us60007fs4_SVRC.mseed,2020-01-25T16:30:11.740000Z,5.1,mww,5.1,"1,3,5,10"
us60007fs4,DYBB,data/processed/waveforms/us60007fs4_DYBB.mseed,2020-01-25T16:30:27.300000Z,5.1,mww,5.1,"1,3,5,10"
us60007fs4,URFA,data/processed/waveforms/us60007fs4_URFA.mseed,2020-01-25T16:30:24.340000Z,5.1,mww,5.1,"1,3,5,10"
us60007fs4,ILIC,data/processed/waveforms/us60007fs4_ILIC.mseed,2020-01-25T16:30:30.680000Z,5.1,mww,5.1,"1,3,5,10"
us60007i7j,DAT,data/processed/waveforms/us60007i7j_DAT.mseed,2020-01-28T15:39:04.720000Z,5.5,mww,5.5,"1,3,5,10"
us60007i7j,DALY,data/processed/waveforms/us60007i7j_DALY.mseed,2020-01-28T15:39:08.260000Z,5.5,mww,5.5,"1,3,5,10"
us60007jzj,DAT,data/processed/waveforms/us60007jzj_DAT.mseed,2020-01-30T11:22:05.740000Z,5.7,mww,5.7,"1,3,5,10"
us60007jzj,DALY,data/processed/waveforms/us60007jzj_DALY.mseed,2020-01-30T11:22:12.200000Z,5.7,mww,5.7,"1,3,5,10"
us600084bs,SVRC,data/processed/waveforms/us600084bs_SVRC.mseed,2020-02-25T23:03:44.380000Z,5.0,mww,5.0,"1,3,5,10"
us600084bs,ARPRA,data/processed/waveforms/us600084bs_ARPRA.mseed,2020-02-25T23:03:46.090000Z,5.0,mww,5.0,"1,3,5,10"
us600084bs,URFA,data/processed/waveforms/us600084bs_URFA.mseed,2020-02-25T23:03:50.360000Z,5.0,mww,5.0,"1,3,5,10"
us600084bs,ILIC,data/processed/waveforms/us600084bs_ILIC.mseed,2020-02-25T23:03:58.680000Z,5.0,mww,5.0,"1,3,5,10"
us600084bs,DYBB,data/processed/waveforms/us600084bs_DYBB.mseed,2020-02-25T23:03:58.520000Z,5.0,mww,5.0,"1,3,5,10"
us60009bfq,DALY,data/processed/waveforms/us60009bfq_DALY.mseed,2020-04-24T13:16:28.200000Z,4.8,mww,4.8,"1,3,5,10"
us6000a6qw,SVRC,data/processed/waveforms/us6000a6qw_SVRC.mseed,2020-06-05T18:06:29.000000Z,5.1,mww,5.1,"1,3,5,10"
us6000a6qw,URFA,data/processed/waveforms/us6000a6qw_URFA.mseed,2020-06-05T18:06:35.980000Z,5.1,mww,5.1,"1,3,5,10"
us6000a6qw,DYBB,data/processed/waveforms/us6000a6qw_DYBB.mseed,2020-06-05T18:06:42.840000Z,5.1,mww,5.1,"1,3,5,10"
us6000a6qw,ILIC,data/processed/waveforms/us6000a6qw_ILIC.mseed,2020-06-05T18:06:43.800000Z,5.1,mww,5.1,"1,3,5,10"
us6000ac28,KARO,data/processed/waveforms/us6000ac28_KARO.mseed,2020-06-15T06:51:34.620000Z,5.5,mww,5.5,"1,3,5,10"
us6000ac28,BNGB,data/processed/waveforms/us6000ac28_BNGB.mseed,2020-06-15T06:51:37.260000Z,5.5,mww,5.5,"1,3,5,10"
us6000ac28,VRTB,data/processed/waveforms/us6000ac28_VRTB.mseed,2020-06-15T06:51:41.160000Z,5.5,mww,5.5,"1,3,5,10"
us6000d3dd,SVRC,data/processed/waveforms/us6000d3dd_SVRC.mseed,2020-12-27T06:37:35.360000Z,5.5,mww,5.5,"1,3,5,10"
us6000d3dd,DYBB,data/processed/waveforms/us6000d3dd_DYBB.mseed,2020-12-27T06:37:50.300000Z,5.5,mww,5.5,"1,3,5,10"
us6000d3dd,URFA,data/processed/waveforms/us6000d3dd_URFA.mseed,2020-12-27T06:37:54.120000Z,5.5,mww,5.5,"1,3,5,10"
us6000d3dd,ILIC,data/processed/waveforms/us6000d3dd_ILIC.mseed,2020-12-27T06:37:52.180000Z,5.5,mww,5.5,"1,3,5,10"
us6000dds6,BNN,data/processed/waveforms/us6000dds6_BNN.mseed,2021-02-02T00:02:49.860000Z,4.5,mwr,4.5,"1,3,5,10"
us6000dds6,SARI,data/processed/waveforms/us6000dds6_SARI.mseed,2021-02-02T00:02:58.440000Z,4.5,mwr,4.5,"1,3,5,10"
us6000dds6,YOZ,data/processed/waveforms/us6000dds6_YOZ.mseed,2021-02-02T00:02:58.530000Z,4.5,mwr,4.5,"1,3,5,10"
us6000dds6,KOZK,data/processed/waveforms/us6000dds6_KOZK.mseed,2021-02-02T00:03:04.080000Z,4.5,mwr,4.5,"1,3,5,10"
us6000detl,TASB,data/processed/waveforms/us6000detl_TASB.mseed,2021-02-05T15:36:29.460000Z,5.2,mww,5.2,"1,3,5,10"
us6000detl,KARS,data/processed/waveforms/us6000detl_KARS.mseed,2021-02-05T15:36:42.980000Z,5.2,mww,5.2,"1,3,5,10"
us6000detl,AGRB,data/processed/waveforms/us6000detl_AGRB.mseed,2021-02-05T15:36:48.270000Z,5.2,mww,5.2,"1,3,5,10"
us6000detl,SENK,data/processed/waveforms/us6000detl_SENK.mseed,2021-02-05T15:37:37.740000Z,5.2,mww,5.2,"1,3,5,10"
us6000detl,MLAZ,data/processed/waveforms/us6000detl_MLAZ.mseed,2021-02-05T15:38:00.450000Z,5.2,mww,5.2,"1,3,5,10"
us6000e1bu,YER,data/processed/waveforms/us6000e1bu_YER.mseed,2021-04-13T20:28:27.300000Z,5.3,mww,5.3,"1,3,5,10"
us6000e1bu,DALY,data/processed/waveforms/us6000e1bu_DALY.mseed,2021-04-13T20:28:29.140000Z,5.3,mww,5.3,"1,3,5,10"
us6000e2f0,YER,data/processed/waveforms/us6000e2f0_YER.mseed,2021-04-17T17:08:42.220000Z,5.0,mww,5.0,"1,3,5,10"
us6000epst,BNGB,data/processed/waveforms/us6000epst_BNGB.mseed,2021-06-25T18:28:44.580000Z,5.4,mww,5.4,"1,3,5,10"
us6000epst,ERZN,data/processed/waveforms/us6000epst_ERZN.mseed,2021-06-25T18:28:48.360000Z,5.4,mww,5.4,"1,3,5,10"
us6000epst,VRTB,data/processed/waveforms/us6000epst_VRTB.mseed,2021-06-25T18:28:55.160000Z,5.4,mww,5.4,"1,3,5,10"
us6000f11n,YER,data/processed/waveforms/us6000f11n_YER.mseed,2021-07-31T19:58:44.900000Z,4.7,mwr,4.7,"1,3,5,10"
us6000f16z,YER,data/processed/waveforms/us6000f16z_YER.mseed,2021-08-01T09:15:18.300000Z,4.5,mwr,4.5,"1,3,5,10"
us6000f1u4,BODT,data/processed/waveforms/us6000f1u4_BODT.mseed,2021-08-03T12:38:49.360000Z,5.2,mww,5.2,"1,3,5,10"
us6000f1u4,YER,data/processed/waveforms/us6000f1u4_YER.mseed,2021-08-03T12:38:46.920000Z,5.2,mww,5.2,"1,3,5,10"
us6000f1yr,YER,data/processed/waveforms/us6000f1yr_YER.mseed,2021-08-03T19:54:02.160000Z,4.6,mwr,4.6,"1,3,5,10"
us6000f6s8,KARS,data/processed/waveforms/us6000f6s8_KARS.mseed,2021-08-16T01:44:27.010000Z,4.8,mww,4.8,"1,3,5,10"
us6000f6s8,AGRB,data/processed/waveforms/us6000f6s8_AGRB.mseed,2021-08-16T01:44:41.480000Z,4.8,mww,4.8,"1,3,5,10"
us6000f6s8,CHOM,data/processed/waveforms/us6000f6s8_CHOM.mseed,2021-08-16T01:44:48.600000Z,4.8,mww,4.8,"1,3,5,10"
us6000f6s8,VRTB,data/processed/waveforms/us6000f6s8_VRTB.mseed,2021-08-16T01:46:08.060000Z,4.8,mww,4.8,"1,3,5,10"
us6000f8b9,YER,data/processed/waveforms/us6000f8b9_YER.mseed,2021-08-19T11:27:18.040000Z,4.7,mwr,4.7,"1,3,5,10"
us6000f8b9,BABD,data/processed/waveforms/us6000f8b9_BABD.mseed,2021-08-19T11:27:44.130000Z,4.7,mwr,4.7,"1,3,5,10"
us6000ftxu,BODT,data/processed/waveforms/us6000ftxu_BODT.mseed,2021-10-12T09:25:18.820000Z,6.4,mww,6.4,"1,3,5,10"
us6000ftxu,DALY,data/processed/waveforms/us6000ftxu_DALY.mseed,2021-10-12T09:24:48.600000Z,6.4,mww,6.4,"1,3,5,10"
us6000ftxu,YER,data/processed/waveforms/us6000ftxu_YER.mseed,2021-10-12T09:24:49.280000Z,6.4,mww,6.4,"1,3,5,10"
us6000g7ta,DIDI,data/processed/waveforms/us6000g7ta_DIDI.mseed,2021-11-30T04:01:01.620000Z,5.1,mww,5.1,"1,3,5,10"
us6000g7ta,BLCB,data/processed/waveforms/us6000g7ta_BLCB.mseed,2021-11-30T04:01:00.040000Z,5.1,mww,5.1,"1,3,5,10"
us6000g9c1,VANB,data/processed/waveforms/us6000g9c1_VANB.mseed,2021-12-05T21:46:58.180000Z,4.9,mww,4.9,"1,3,5,10"
us6000g9c1,AKDM,data/processed/waveforms/us6000g9c1_AKDM.mseed,2021-12-05T21:47:01.040000Z,4.9,mww,4.9,"1,3,5,10"
us6000g9c1,GURO,data/processed/waveforms/us6000g9c1_GURO.mseed,2021-12-05T21:47:10.470000Z,4.9,mww,4.9,"1,3,5,10"
us6000g9c1,TASB,data/processed/waveforms/us6000g9c1_TASB.mseed,2021-12-05T21:48:07.660000Z,4.9,mww,4.9,"1,3,5,10"
us6000gfhq,DALY,data/processed/waveforms/us6000gfhq_DALY.mseed,2021-12-26T18:59:42.540000Z,5.6,mww,5.6,"1,3,5,10"
us6000iq6f,CAME,data/processed/waveforms/us6000iq6f_CAME.mseed,2022-10-02T10:58:10.080000Z,4.6,mwr,4.6,"1,3,5,10"
us6000iq6f,DALY,data/processed/waveforms/us6000iq6f_DALY.mseed,2022-10-02T10:58:09.540000Z,4.6,mwr,4.6,"1,3,5,10"
us6000iq6f,FETY,data/processed/waveforms/us6000iq6f_FETY.mseed,2022-10-02T10:58:11.200000Z,4.6,mwr,4.6,"1,3,5,10"
us6000iq6f,APMY,data/processed/waveforms/us6000iq6f_APMY.mseed,2022-10-02T10:58:13.960000Z,4.6,mwr,4.6,"1,3,5,10"
us6000iq6f,YER,data/processed/waveforms/us6000iq6f_YER.mseed,2022-10-02T10:58:24.660000Z,4.6,mwr,4.6,"1,3,5,10"
us6000iqx6,CLDR,data/processed/waveforms/us6000iqx6_CLDR.mseed,2022-10-05T00:21:49.480000Z,5.6,mww,5.6,"1,3,5,10"
us6000iqx6,VANB,data/processed/waveforms/us6000iqx6_VANB.mseed,2022-10-05T00:21:53.480000Z,5.6,mww,5.6,"1,3,5,10"
us6000iqx6,TASB,data/processed/waveforms/us6000iqx6_TASB.mseed,2022-10-05T00:21:59.140000Z,5.6,mww,5.6,"1,3,5,10"
us6000iqx6,AKDM,data/processed/waveforms/us6000iqx6_AKDM.mseed,2022-10-05T00:21:59.490000Z,5.6,mww,5.6,"1,3,5,10"
us6000isrr,CEYT,data/processed/waveforms/us6000isrr_CEYT.mseed,2022-10-11T15:48:56.600000Z,5.0,mww,5.0,"1,3,5,10"
us6000isrr,KMRS,data/processed/waveforms/us6000isrr_KMRS.mseed,2022-10-11T15:48:56.540000Z,5.0,mww,5.0,"1,3,5,10"
us6000isrr,TAHT,data/processed/waveforms/us6000isrr_TAHT.mseed,2022-10-11T15:49:04.520000Z,5.0,mww,5.0,"1,3,5,10"
us6000ja6e,TAHT,data/processed/waveforms/us6000ja6e_TAHT.mseed,2022-12-18T18:13:14.700000Z,4.6,mwr,4.6,"1,3,5,10"
us6000ja6e,CEYT,data/processed/waveforms/us6000ja6e_CEYT.mseed,2022-12-18T18:13:26.210000Z,4.6,mwr,4.6,"1,3,5,10"
us6000jllz,KHMN,data/processed/waveforms/us6000jllz_KHMN.mseed,2023-02-06T01:17:39.790000Z,7.8,mww,7.8,"1,3,5,10"
us6000jllz,KMRS,data/processed/waveforms/us6000jllz_KMRS.mseed,2023-02-06T01:17:39.120000Z,7.8,mww,7.8,"1,3,5,10"
us6000jllz,KOZT,data/processed/waveforms/us6000jllz_KOZT.mseed,2023-02-06T01:17:52.400000Z,7.8,mww,7.8,"1,3,5,10"
us6000jllz,KRTS,data/processed/waveforms/us6000jllz_KRTS.mseed,2023-02-06T01:19:47.170000Z,7.8,mww,7.8,"1,3,5,10"
us6000jllz,CMRD,data/processed/waveforms/us6000jllz_CMRD.mseed,2023-02-06T01:18:07.920000Z,7.8,mww,7.8,"1,3,5,10"
us6000jllz,TUNC,data/processed/waveforms/us6000jllz_TUNC.mseed,2023-02-06T01:18:24.310000Z,7.8,mww,7.8,"1,3,5,10"
us6000jlsu,DARE,data/processed/waveforms/us6000jlsu_DARE.mseed,2023-02-06T15:33:43.510000Z,5.4,mwr,5.4,"1,3,5,10"
us6000jlsu,URFA,data/processed/waveforms/us6000jlsu_URFA.mseed,2023-02-06T15:33:53.300000Z,5.4,mwr,5.4,"1,3,5,10"
us6000jlsu,TUNC,data/processed/waveforms/us6000jlsu_TUNC.mseed,2023-02-06T15:34:02.970000Z,5.4,mwr,5.4,"1,3,5,10"
us6000jlwh,SARI,data/processed/waveforms/us6000jlwh_SARI.mseed,2023-02-06T17:26:31.830000Z,4.5,mwr,4.5,"1,3,5,10"
us6000jlwh,KMRS,data/processed/waveforms/us6000jlwh_KMRS.mseed,2023-02-06T17:26:38.080000Z,4.5,mwr,4.5,"1,3,5,10"
us6000jlwh,DARE,data/processed/waveforms/us6000jlwh_DARE.mseed,2023-02-06T17:26:40.650000Z,4.5,mwr,4.5,"1,3,5,10"
us6000jlwh,CMRD,data/processed/waveforms/us6000jlwh_CMRD.mseed,2023-02-06T17:27:14.540000Z,4.5,mwr,4.5,"1,3,5,10"
us6000jlwh,TUNC,data/processed/waveforms/us6000jlwh_TUNC.mseed,2023-02-06T17:26:59.370000Z,4.5,mwr,4.5,"1,3,5,10"
us6000jlwh,KOZK,data/processed/waveforms/us6000jlwh_KOZK.mseed,2023-02-06T17:26:58.730000Z,4.5,mwr,4.5,"1,3,5,10"
us6000jm1p,SARI,data/processed/waveforms/us6000jm1p_SARI.mseed,2023-02-06T18:04:01.420000Z,5.2,mww,5.2,"1,3,5,10"
us6000jm1p,KMRS,data/processed/waveforms/us6000jm1p_KMRS.mseed,2023-02-06T18:04:06.170000Z,5.2,mww,5.2,"1,3,5,10"
us6000jm1p,KOZT,data/processed/waveforms/us6000jm1p_KOZT.mseed,2023-02-06T18:04:09.030000Z,5.2,mww,5.2,"1,3,5,10"
us6000jm1p,CMRD,data/processed/waveforms/us6000jm1p_CMRD.mseed,2023-02-06T18:04:39.420000Z,5.2,mww,5.2,"1,3,5,10"
us6000jm1p,KOZK,data/processed/waveforms/us6000jm1p_KOZK.mseed,2023-02-06T18:04:27.430000Z,5.2,mww,5.2,"1,3,5,10"
us6000jm29,SARI,data/processed/waveforms/us6000jm29_SARI.mseed,2023-02-06T20:05:42.030000Z,4.8,mwr,4.8,"1,3,5,10"
us6000jm29,KOZT,data/processed/waveforms/us6000jm29_KOZT.mseed,2023-02-06T20:05:48.810000Z,4.8,mwr,4.8,"1,3,5,10"
us6000jm29,KMRS,data/processed/waveforms/us6000jm29_KMRS.mseed,2023-02-06T20:05:44.260000Z,4.8,mwr,4.8,"1,3,5,10"
us6000jm29,BNN,data/processed/waveforms/us6000jm29_BNN.mseed,2023-02-06T20:05:53.270000Z,4.8,mwr,4.8,"1,3,5,10"
us6000jm29,CMRD,data/processed/waveforms/us6000jm29_CMRD.mseed,2023-02-06T20:06:16.770000Z,4.8,mwr,4.8,"1,3,5,10"
us6000jm29,KOZK,data/processed/waveforms/us6000jm29_KOZK.mseed,2023-02-06T20:06:07.620000Z,4.8,mwr,4.8,"1,3,5,10"
us6000jm2t,SARI,data/processed/waveforms/us6000jm2t_SARI.mseed,2023-02-06T20:44:09.120000Z,4.8,mwr,4.8,"1,3,5,10"
us6000jm2t,KMRS,data/processed/waveforms/us6000jm2t_KMRS.mseed,2023-02-06T20:44:11.060000Z,4.8,mwr,4.8,"1,3,5,10"
us6000jm2t,KOZT,data/processed/waveforms/us6000jm2t_KOZT.mseed,2023-02-06T20:44:15.450000Z,4.8,mwr,4.8,"1,3,5,10"
us6000jm2t,CMRD,data/processed/waveforms/us6000jm2t_CMRD.mseed,2023-02-06T20:44:28.470000Z,4.8,mwr,4.8,"1,3,5,10"
us6000jm2t,KOZK,data/processed/waveforms/us6000jm2t_KOZK.mseed,2023-02-06T20:44:36.000000Z,4.8,mwr,4.8,"1,3,5,10"
us6000jm30,KMRS,data/processed/waveforms/us6000jm30_KMRS.mseed,2023-02-06T21:15:28.660000Z,4.9,mwr,4.9,"1,3,5,10"
us6000jm30,SARI,data/processed/waveforms/us6000jm30_SARI.mseed,2023-02-06T21:15:28.970000Z,4.9,mwr,4.9,"1,3,5,10"
us6000jm30,DARE,data/processed/waveforms/us6000jm30_DARE.mseed,2023-02-06T21:15:28.880000Z,4.9,mwr,4.9,"1,3,5,10"
us6000jm30,CMRD,data/processed/waveforms/us6000jm30_CMRD.mseed,2023-02-06T21:16:18.550000Z,4.9,mwr,4.9,"1,3,5,10"
us6000jm30,KOZK,data/processed/waveforms/us6000jm30_KOZK.mseed,2023-02-06T21:15:59.040000Z,4.9,mwr,4.9,"1,3,5,10"
us6000jm3c,SARI,data/processed/waveforms/us6000jm3c_SARI.mseed,2023-02-06T21:57:51.100000Z,4.7,mwr,4.7,"1,3,5,10"
us6000jm3c,KMRS,data/processed/waveforms/us6000jm3c_KMRS.mseed,2023-02-06T21:57:55.600000Z,4.7,mwr,4.7,"1,3,5,10"
us6000jm3c,KOZT,data/processed/waveforms/us6000jm3c_KOZT.mseed,2023-02-06T21:57:59.430000Z,4.7,mwr,4.7,"1,3,5,10"
us6000jm3c,CMRD,data/processed/waveforms/us6000jm3c_CMRD.mseed,2023-02-06T21:58:30.670000Z,4.7,mwr,4.7,"1,3,5,10"
us6000jm3c,KOZK,data/processed/waveforms/us6000jm3c_KOZK.mseed,2023-02-06T21:58:17.810000Z,4.7,mwr,4.7,"1,3,5,10"
us6000jm3x,LFK,data/processed/waveforms/us6000jm3x_LFK.mseed,2023-02-06T23:29:52.910000Z,4.5,mwr,4.5,"1,3,5,10"
us6000jm55,CEYT,data/processed/waveforms/us6000jm55_CEYT.mseed,2023-02-07T02:47:57.990000Z,4.7,mwr,4.7,"1,3,5,10"
us6000jm6p,KARO,data/processed/waveforms/us6000jm6p_KARO.mseed,2023-02-07T07:11:59.210000Z,5.4,mww,5.4,"1,3,5,10"
us6000jm7f,URFA,data/processed/waveforms/us6000jm7f_URFA.mseed,2023-02-07T10:18:29.040000Z,5.3,mww,5.3,"1,3,5,10"
us6000jm7f,DARE,data/processed/waveforms/us6000jm7f_DARE.mseed,2023-02-07T10:18:29.460000Z,5.3,mww,5.3,"1,3,5,10"
us6000jm7f,KARO,data/processed/waveforms/us6000jm7f_KARO.mseed,2023-02-07T10:19:32.410000Z,5.3,mww,5.3,"1,3,5,10"
us6000jm95,GAZ,data/processed/waveforms/us6000jm95_GAZ.mseed,2023-02-07T15:31:33.660000Z,4.7,mwr,4.7,"1,3,5,10"
us6000jm95,KMRS,data/processed/waveforms/us6000jm95_KMRS.mseed,2023-02-07T15:31:33.540000Z,4.7,mwr,4.7,"1,3,5,10"
us6000jm95,KOZT,data/processed/waveforms/us6000jm95_KOZT.mseed,2023-02-07T15:31:47.670000Z,4.7,mwr,4.7,"1,3,5,10"
us6000jmat,KMRS,data/processed/waveforms/us6000jmat_KMRS.mseed,2023-02-07T18:10:11.890000Z,5.3,mww,5.3,"1,3,5,10"
us6000jmat,SARI,data/processed/waveforms/us6000jmat_SARI.mseed,2023-02-07T18:10:06.940000Z,5.3,mww,5.3,"1,3,5,10"
us6000jmat,KOZT,data/processed/waveforms/us6000jmat_KOZT.mseed,2023-02-07T18:10:16.130000Z,5.3,mww,5.3,"1,3,5,10"
us6000jmat,CMRD,data/processed/waveforms/us6000jmat_CMRD.mseed,2023-02-07T18:10:29.050000Z,5.3,mww,5.3,"1,3,5,10"
us6000jmat,KOZK,data/processed/waveforms/us6000jmat_KOZK.mseed,2023-02-07T18:10:33.230000Z,5.3,mww,5.3,"1,3,5,10"
us6000jmbq,DYBB,data/processed/waveforms/us6000jmbq_DYBB.mseed,2023-02-07T19:54:37.560000Z,4.6,mwr,4.6,"1,3,5,10"
us6000jmbq,VRTB,data/processed/waveforms/us6000jmbq_VRTB.mseed,2023-02-07T19:54:47.290000Z,4.6,mwr,4.6,"1,3,5,10"
us6000jmg1,SARI,data/processed/waveforms/us6000jmg1_SARI.mseed,2023-02-08T07:48:38.880000Z,5.0,mww,5.0,"1,3,5,10"
us6000jmg1,KMRS,data/processed/waveforms/us6000jmg1_KMRS.mseed,2023-02-08T07:48:43.780000Z,5.0,mww,5.0,"1,3,5,10"
us6000jmg1,KOZT,data/processed/waveforms/us6000jmg1_KOZT.mseed,2023-02-08T07:48:58.000000Z,5.0,mww,5.0,"1,3,5,10"
us6000jmg1,CMRD,data/processed/waveforms/us6000jmg1_CMRD.mseed,2023-02-08T07:49:16.880000Z,5.0,mww,5.0,"1,3,5,10"
us6000jmg1,KOZK,data/processed/waveforms/us6000jmg1_KOZK.mseed,2023-02-08T07:49:04.560000Z,5.0,mww,5.0,"1,3,5,10"
us6000jmgf,DARE,data/processed/waveforms/us6000jmgf_DARE.mseed,2023-02-08T11:12:02.370000Z,5.4,mww,5.4,"1,3,5,10"
us6000jmgf,KMRS,data/processed/waveforms/us6000jmgf_KMRS.mseed,2023-02-08T11:12:06.590000Z,5.4,mww,5.4,"1,3,5,10"
us6000jmgf,TUNC,data/processed/waveforms/us6000jmgf_TUNC.mseed,2023-02-08T11:12:50.990000Z,5.4,mww,5.4,"1,3,5,10"
us6000jmgf,CMRD,data/processed/waveforms/us6000jmgf_CMRD.mseed,2023-02-08T11:12:34.780000Z,5.4,mww,5.4,"1,3,5,10"
us6000jmgg,DARE,data/processed/waveforms/us6000jmgg_DARE.mseed,2023-02-08T11:24:10.840000Z,4.5,mwr,4.5,"1,3,5,10"
us6000jmgg,KMRS,data/processed/waveforms/us6000jmgg_KMRS.mseed,2023-02-08T11:24:14.780000Z,4.5,mwr,4.5,"1,3,5,10"
us6000jn0h,DARE,data/processed/waveforms/us6000jn0h_DARE.mseed,2023-02-10T04:50:34.570000Z,4.7,mwr,4.7,"1,3,5,10"
us6000jn0h,URFA,data/processed/waveforms/us6000jn0h_URFA.mseed,2023-02-10T04:50:41.570000Z,4.7,mwr,4.7,"1,3,5,10"
us6000jn9a,GAZ,data/processed/waveforms/us6000jn9a_GAZ.mseed,2023-02-11T07:55:47.000000Z,4.6,mwr,4.6,"1,3,5,10"
us6000jn9a,KMRS,data/processed/waveforms/us6000jn9a_KMRS.mseed,2023-02-11T07:56:44.610000Z,4.6,mwr,4.6,"1,3,5,10"
us6000jnar,DARE,data/processed/waveforms/us6000jnar_DARE.mseed,2023-02-11T13:10:08.410000Z,4.5,mwr,4.5,"1,3,5,10"
us6000jnh1,KMRS,data/processed/waveforms/us6000jnh1_KMRS.mseed,2023-02-12T18:33:18.030000Z,4.7,mwr,4.7,"1,3,5,10"
us6000jnh1,GAZ,data/processed/waveforms/us6000jnh1_GAZ.mseed,2023-02-12T18:33:21.360000Z,4.7,mwr,4.7,"1,3,5,10"
us6000jnh1,KOZT,data/processed/waveforms/us6000jnh1_KOZT.mseed,2023-02-12T18:33:32.400000Z,4.7,mwr,4.7,"1,3,5,10"
us6000jnmc,SARI,data/processed/waveforms/us6000jnmc_SARI.mseed,2023-02-13T19:20:34.620000Z,4.6,mwr,4.6,"1,3,5,10"
us6000jnmc,KMRS,data/processed/waveforms/us6000jnmc_KMRS.mseed,2023-02-13T19:20:40.220000Z,4.6,mwr,4.6,"1,3,5,10"
us6000jnmc,KOZT,data/processed/waveforms/us6000jnmc_KOZT.mseed,2023-02-13T19:20:41.670000Z,4.6,mwr,4.6,"1,3,5,10"
us6000jnmc,KOZK,data/processed/waveforms/us6000jnmc_KOZK.mseed,2023-02-13T19:20:59.810000Z,4.6,mwr,4.6,"1,3,5,10"
us6000jnwy,SARI,data/processed/waveforms/us6000jnwy_SARI.mseed,2023-02-06T16:27:30.110000Z,4.7,mwr,4.7,"1,3,5,10"
us6000jnwy,KMRS,data/processed/waveforms/us6000jnwy_KMRS.mseed,2023-02-06T16:28:12.490000Z,4.7,mwr,4.7,"1,3,5,10"
us6000jnwy,KOZT,data/processed/waveforms/us6000jnwy_KOZT.mseed,2023-02-06T16:27:45.170000Z,4.7,mwr,4.7,"1,3,5,10"
us6000jnwy,KHMN,data/processed/waveforms/us6000jnwy_KHMN.mseed,2023-02-06T16:28:53.220000Z,4.7,mwr,4.7,"1,3,5,10"
us6000jnwy,KOZK,data/processed/waveforms/us6000jnwy_KOZK.mseed,2023-02-06T16:28:19.040000Z,4.7,mwr,4.7,"1,3,5,10"
us6000jpdx,DARE,data/processed/waveforms/us6000jpdx_DARE.mseed,2023-02-16T14:45:51.590000Z,4.6,mwr,4.6,"1,3,5,10"
us6000jphu,ERZN,data/processed/waveforms/us6000jphu_ERZN.mseed,2023-02-17T00:36:08.040000Z,4.6,mwr,4.6,"1,3,5,10"
us6000jphu,KARO,data/processed/waveforms/us6000jphu_KARO.mseed,2023-02-17T00:36:11.500000Z,4.6,mwr,4.6,"1,3,5,10"
us6000jphu,VRTB,data/processed/waveforms/us6000jphu_VRTB.mseed,2023-02-17T00:36:16.420000Z,4.6,mwr,4.6,"1,3,5,10"
us6000jphu,GUMT,data/processed/waveforms/us6000jphu_GUMT.mseed,2023-02-17T00:36:23.430000Z,4.6,mwr,4.6,"1,3,5,10"
us6000jpyq,SARI,data/processed/waveforms/us6000jpyq_SARI.mseed,2023-02-18T19:31:38.900000Z,5.0,mww,5.0,"1,3,5,10"
us6000jpyq,KMRS,data/processed/waveforms/us6000jpyq_KMRS.mseed,2023-02-18T19:31:43.970000Z,5.0,mww,5.0,"1,3,5,10"
us6000jpyq,KOZT,data/processed/waveforms/us6000jpyq_KOZT.mseed,2023-02-18T19:31:47.920000Z,5.0,mww,5.0,"1,3,5,10"
us6000jpyq,CMRD,data/processed/waveforms/us6000jpyq_CMRD.mseed,2023-02-18T19:32:18.040000Z,5.0,mww,5.0,"1,3,5,10"
us6000jpyq,KOZK,data/processed/waveforms/us6000jpyq_KOZK.mseed,2023-02-18T19:32:04.960000Z,5.0,mww,5.0,"1,3,5,10"
us6000jq3c,DARE,data/processed/waveforms/us6000jq3c_DARE.mseed,2023-02-19T12:04:45.590000Z,4.6,mwr,4.6,"1,3,5,10"
us6000jq3c,SVRC,data/processed/waveforms/us6000jq3c_SVRC.mseed,2023-02-19T12:04:49.710000Z,4.6,mwr,4.6,"1,3,5,10"
us6000jq73,SVRC,data/processed/waveforms/us6000jq73_SVRC.mseed,2023-02-20T00:37:42.180000Z,4.7,mwr,4.7,"1,3,5,10"
us6000jq73,KARO,data/processed/waveforms/us6000jq73_KARO.mseed,2023-02-20T00:38:10.760000Z,4.7,mwr,4.7,"1,3,5,10"
us6000jq73,VRTB,data/processed/waveforms/us6000jq73_VRTB.mseed,2023-02-20T00:37:55.550000Z,4.7,mwr,4.7,"1,3,5,10"
us6000jq73,GURO,data/processed/waveforms/us6000jq73_GURO.mseed,2023-02-20T00:38:24.600000Z,4.7,mwr,4.7,"1,3,5,10"
us6000jq74,SVRC,data/processed/waveforms/us6000jq74_SVRC.mseed,2023-02-20T00:39:15.150000Z,4.5,mwr,4.5,"1,3,5,10"
us6000jq74,KARO,data/processed/waveforms/us6000jq74_KARO.mseed,2023-02-20T00:40:32.680000Z,4.5,mwr,4.5,"1,3,5,10"
us6000jq74,VRTB,data/processed/waveforms/us6000jq74_VRTB.mseed,2023-02-20T00:39:54.420000Z,4.5,mwr,4.5,"1,3,5,10"
us6000jq74,GURO,data/processed/waveforms/us6000jq74_GURO.mseed,2023-02-20T00:39:57.780000Z,4.5,mwr,4.5,"1,3,5,10"
us6000jrej,SVRC,data/processed/waveforms/us6000jrej_SVRC.mseed,2023-02-24T20:25:38.710000Z,4.5,mwr,4.5,"1,3,5,10"
us6000jrej,URFA,data/processed/waveforms/us6000jrej_URFA.mseed,2023-02-24T20:25:43.800000Z,4.5,mwr,4.5,"1,3,5,10"
us6000jriw,YESY,data/processed/waveforms/us6000jriw_YESY.mseed,2023-02-25T10:27:15.790000Z,5.2,mww,5.2,"1,3,5,10"
us6000jriw,GULA,data/processed/waveforms/us6000jriw_GULA.mseed,2023-02-25T10:27:18.280000Z,5.2,mww,5.2,"1,3,5,10"
us6000jriw,SULT,data/processed/waveforms/us6000jriw_SULT.mseed,2023-02-25T10:27:19.930000Z,5.2,mww,5.2,"1,3,5,10"
us6000jriw,CMRD,data/processed/waveforms/us6000jriw_CMRD.mseed,2023-02-25T10:27:26.850000Z,5.2,mww,5.2,"1,3,5,10"
us6000jriw,KRMN,data/processed/waveforms/us6000jriw_KRMN.mseed,2023-02-25T10:27:30.730000Z,5.2,mww,5.2,"1,3,5,10"
us6000jriw,KAMT,data/processed/waveforms/us6000jriw_KAMT.mseed,2023-02-25T10:27:40.830000Z,5.2,mww,5.2,"1,3,5,10"
us6000jriw,KOZK,data/processed/waveforms/us6000jriw_KOZK.mseed,2023-02-25T10:27:37.780000Z,5.2,mww,5.2,"1,3,5,10"
us6000jrn1,TAHT,data/processed/waveforms/us6000jrn1_TAHT.mseed,2023-02-26T02:26:37.920000Z,4.5,mwr,4.5,"1,3,5,10"
us6000jrn1,CEYT,data/processed/waveforms/us6000jrn1_CEYT.mseed,2023-02-26T02:27:06.310000Z,4.5,mwr,4.5,"1,3,5,10"
us6000jrtz,KMRS,data/processed/waveforms/us6000jrtz_KMRS.mseed,2023-02-27T02:51:34.120000Z,4.7,mwr,4.7,"1,3,5,10"
us6000jrtz,GAZ,data/processed/waveforms/us6000jrtz_GAZ.mseed,2023-02-27T02:51:39.190000Z,4.7,mwr,4.7,"1,3,5,10"
us6000jrw4,DARE,data/processed/waveforms/us6000jrw4_DARE.mseed,2023-02-27T09:05:03.030000Z,5.2,mww,5.2,"1,3,5,10"
us6000jrw4,SVRC,data/processed/waveforms/us6000jrw4_SVRC.mseed,2023-02-27T09:05:05.230000Z,5.2,mww,5.2,"1,3,5,10"
us6000ka6g,TAHT,data/processed/waveforms/us6000ka6g_TAHT.mseed,2023-05-07T08:36:13.730000Z,4.7,mwr,4.7,"1,3,5,10"
us6000ka6g,CEYT,data/processed/waveforms/us6000ka6g_CEYT.mseed,2023-05-07T08:36:25.700000Z,4.7,mwr,4.7,"1,3,5,10"
us6000kbcq,KOZT,data/processed/waveforms/us6000kbcq_KOZT.mseed,2023-05-12T08:33:34.370000Z,4.5,mwr,4.5,"1,3,5,10"
us6000kbcq,SARI,data/processed/waveforms/us6000kbcq_SARI.mseed,2023-05-12T08:33:32.770000Z,4.5,mwr,4.5,"1,3,5,10"
us6000kbcq,KMRS,data/processed/waveforms/us6000kbcq_KMRS.mseed,2023-05-12T08:33:33.920000Z,4.5,mwr,4.5,"1,3,5,10"
us6000kx2n,LADK,data/processed/waveforms/us6000kx2n_LADK.mseed,2023-08-01T15:06:56.570000Z,4.8,mwr,4.8,"1,3,5,10"
us6000kx2n,KONT,data/processed/waveforms/us6000kx2n_KONT.mseed,2023-08-01T15:06:56.550000Z,4.8,mwr,4.8,"1,3,5,10"
us6000kx2n,CHBY,data/processed/waveforms/us6000kx2n_CHBY.mseed,2023-08-01T15:07:02.350000Z,4.8,mwr,4.8,"1,3,5,10"
us6000kx2n,SULT,data/processed/waveforms/us6000kx2n_SULT.mseed,2023-08-01T15:07:05.790000Z,4.8,mwr,4.8,"1,3,5,10"
us6000kx2n,SDAG,data/processed/waveforms/us6000kx2n_SDAG.mseed,2023-08-01T15:07:19.500000Z,4.8,mwr,4.8,"1,3,5,10"
us6000kx2n,BLVD,data/processed/waveforms/us6000kx2n_BLVD.mseed,2023-08-01T15:07:17.750000Z,4.8,mwr,4.8,"1,3,5,10"
us6000kzjz,DARE,data/processed/waveforms/us6000kzjz_DARE.mseed,2023-08-12T13:39:27.460000Z,4.7,mwr,4.7,"1,3,5,10"
us6000kzjz,SVRC,data/processed/waveforms/us6000kzjz_SVRC.mseed,2023-08-12T13:39:31.700000Z,4.7,mwr,4.7,"1,3,5,10"
us6000kzjz,SINE,data/processed/waveforms/us6000kzjz_SINE.mseed,2023-08-12T13:39:37.880000Z,4.7,mwr,4.7,"1,3,5,10"
us6000lf1y,CLDR,data/processed/waveforms/us6000lf1y_CLDR.mseed,2023-10-12T11:04:11.310000Z,4.5,mwr,4.5,"1,3,5,10"
us6000lf1y,AKDM,data/processed/waveforms/us6000lf1y_AKDM.mseed,2023-10-12T11:04:17.670000Z,4.5,mwr,4.5,"1,3,5,10"
us6000lf1y,MLAZ,data/processed/waveforms/us6000lf1y_MLAZ.mseed,2023-10-12T11:04:22.790000Z,4.5,mwr,4.5,"1,3,5,10"
us6000lf1y,GURO,data/processed/waveforms/us6000lf1y_GURO.mseed,2023-10-12T11:04:27.240000Z,4.5,mwr,4.5,"1,3,5,10"
us6000lf1y,TASB,data/processed/waveforms/us6000lf1y_TASB.mseed,2023-10-12T11:05:37.710000Z,4.5,mwr,4.5,"1,3,5,10"
us6000lq9s,SVRC,data/processed/waveforms/us6000lq9s_SVRC.mseed,2023-11-23T14:46:19.720000Z,5.3,mww,5.3,"1,3,5,10"
us6000lq9s,URFA,data/processed/waveforms/us6000lq9s_URFA.mseed,2023-11-23T14:46:22.750000Z,5.3,mww,5.3,"1,3,5,10"
us6000lq9s,DARE,data/processed/waveforms/us6000lq9s_DARE.mseed,2023-11-23T14:46:26.120000Z,5.3,mww,5.3,"1,3,5,10"
us6000lq9s,SINE,data/processed/waveforms/us6000lq9s_SINE.mseed,2023-11-23T14:46:31.640000Z,5.3,mww,5.3,"1,3,5,10"
us6000n80m,SOMA,data/processed/waveforms/us6000n80m_SOMA.mseed,2024-06-24T22:36:48.420000Z,4.7,mww,4.7,"1,3,5,10"
us6000n80m,BALB,data/processed/waveforms/us6000n80m_BALB.mseed,2024-06-24T22:36:53.550000Z,4.7,mww,4.7,"1,3,5,10"
us6000n80m,YAYO,data/processed/waveforms/us6000n80m_YAYO.mseed,2024-06-24T22:36:54.060000Z,4.7,mww,4.7,"1,3,5,10"
us6000n80m,GORD,data/processed/waveforms/us6000n80m_GORD.mseed,2024-06-24T22:36:59.080000Z,4.7,mww,4.7,"1,3,5,10"
us6000ny1h,KDZE,data/processed/waveforms/us6000ny1h_KDZE.mseed,2024-10-11T07:17:05.440000Z,4.8,mww,4.8,"1,3,5,10"
us6000ny1h,BOLI,data/processed/waveforms/us6000ny1h_BOLI.mseed,2024-10-11T07:17:35.910000Z,4.8,mww,4.8,"1,3,5,10"
us6000nyvh,FETY,data/processed/waveforms/us6000nyvh_FETY.mseed,2024-10-15T16:54:48.550000Z,4.6,mww,4.6,"1,3,5,10"
us6000nyzk,SVRC,data/processed/waveforms/us6000nyzk_SVRC.mseed,2024-10-16T07:46:38.710000Z,6.0,mww,6.0,"1,3,5,10"
us6000nyzk,KBAN,data/processed/waveforms/us6000nyzk_KBAN.mseed,2024-10-16T07:46:40.700000Z,6.0,mww,6.0,"1,3,5,10"
us6000nyzk,SINE,data/processed/waveforms/us6000nyzk_SINE.mseed,2024-10-16T07:46:48.760000Z,6.0,mww,6.0,"1,3,5,10"
us6000nyzk,KMAH,data/processed/waveforms/us6000nyzk_KMAH.mseed,2024-10-16T07:46:54.950000Z,6.0,mww,6.0,"1,3,5,10"
us6000nza6,TUNC,data/processed/waveforms/us6000nza6_TUNC.mseed,2024-10-17T08:30:00.010000Z,4.5,mwr,4.5,"1,3,5,10"
us6000nza6,RSDY,data/processed/waveforms/us6000nza6_RSDY.mseed,2024-10-17T08:30:11.910000Z,4.5,mwr,4.5,"1,3,5,10"
us6000nza6,CAYL,data/processed/waveforms/us6000nza6_CAYL.mseed,2024-10-17T08:30:21.140000Z,4.5,mwr,4.5,"1,3,5,10"
us6000phj9,ALAN,data/processed/waveforms/us6000phj9_ALAN.mseed,2025-01-03T13:51:11.210000Z,4.5,mwr,4.5,"1,3,5,10"
us6000phj9,LMOS,data/processed/waveforms/us6000phj9_LMOS.mseed,2025-01-03T13:51:16.030000Z,4.5,mwr,4.5,"1,3,5,10"
us6000phj9,HDMB,data/processed/waveforms/us6000phj9_HDMB.mseed,2025-01-03T13:51:17.110000Z,4.5,mwr,4.5,"1,3,5,10"
us6000phj9,SEYD,data/processed/waveforms/us6000phj9_SEYD.mseed,2025-01-03T13:51:24.100000Z,4.5,mwr,4.5,"1,3,5,10"
us6000plhn,EZNE,data/processed/waveforms/us6000plhn_EZNE.mseed,2025-01-21T20:38:51.580000Z,5.0,mww,5.0,"1,3,5,10"
us6000plhn,EZN,data/processed/waveforms/us6000plhn_EZN.mseed,2025-01-21T20:38:51.960000Z,5.0,mww,5.0,"1,3,5,10"
us6000plhn,YAYO,data/processed/waveforms/us6000plhn_YAYO.mseed,2025-01-21T20:38:56.430000Z,5.0,mww,5.0,"1,3,5,10"
us6000py6h,VANB,data/processed/waveforms/us6000py6h_VANB.mseed,2025-03-11T18:03:45.890000Z,4.6,mww,4.6,"1,3,5,10"
us6000py6h,AKDM,data/processed/waveforms/us6000py6h_AKDM.mseed,2025-03-11T18:03:46.910000Z,4.6,mww,4.6,"1,3,5,10"
us6000q5sb,CAYL,data/processed/waveforms/us6000q5sb_CAYL.mseed,2025-04-13T14:43:11.860000Z,4.8,mww,4.8,"1,3,5,10"
us6000q5sb,OSMA,data/processed/waveforms/us6000q5sb_OSMA.mseed,2025-04-13T14:43:22.070000Z,4.8,mww,4.8,"1,3,5,10"
us6000qznb,BALB,data/processed/waveforms/us6000qznb_BALB.mseed,2025-08-10T16:53:56.100000Z,6.1,mww,6.1,"1,3,5,10"
us6000qznb,SOMA,data/processed/waveforms/us6000qznb_SOMA.mseed,2025-08-10T16:53:55.940000Z,6.1,mww,6.1,"1,3,5,10"
us6000qznb,GORD,data/processed/waveforms/us6000qznb_GORD.mseed,2025-08-10T16:53:54.110000Z,6.1,mww,6.1,"1,3,5,10"
us6000r3ie,GORD,data/processed/waveforms/us6000r3ie_GORD.mseed,2025-08-24T18:58:24.620000Z,4.8,mww,4.8,"1,3,5,10"
us6000r3ie,SOMA,data/processed/waveforms/us6000r3ie_SOMA.mseed,2025-08-24T18:58:28.500000Z,4.8,mww,4.8,"1,3,5,10"
us6000r3ie,BALB,data/processed/waveforms/us6000r3ie_BALB.mseed,2025-08-24T18:58:29.030000Z,4.8,mww,4.8,"1,3,5,10"
us6000rcfc,GORD,data/processed/waveforms/us6000rcfc_GORD.mseed,2025-09-23T22:27:54.710000Z,4.6,mww,4.6,"1,3,5,10"
us6000rcfc,AKS,data/processed/waveforms/us6000rcfc_AKS.mseed,2025-09-23T22:27:57.020000Z,4.6,mww,4.6,"1,3,5,10"
us6000rcfc,SOMA,data/processed/waveforms/us6000rcfc_SOMA.mseed,2025-09-23T22:28:00.500000Z,4.6,mww,4.6,"1,3,5,10"
us6000rcfc,BALB,data/processed/waveforms/us6000rcfc_BALB.mseed,2025-09-23T22:27:59.530000Z,4.6,mww,4.6,"1,3,5,10"
us6000rdf2,SMAA,data/processed/waveforms/us6000rdf2_SMAA.mseed,2025-09-28T09:59:19.430000Z,5.2,mww,5.2,"1,3,5,10"
us6000rdf2,SIMA,data/processed/waveforms/us6000rdf2_SIMA.mseed,2025-09-28T09:59:19.220000Z,5.2,mww,5.2,"1,3,5,10"
us6000rdf2,GORD,data/processed/waveforms/us6000rdf2_GORD.mseed,2025-09-28T09:59:30.590000Z,5.2,mww,5.2,"1,3,5,10"
us6000rdhv,SMAA,data/processed/waveforms/us6000rdhv_SMAA.mseed,2025-09-28T22:48:32.530000Z,4.6,mwr,4.6,"1,3,5,10"
us6000rdhv,SIMA,data/processed/waveforms/us6000rdhv_SIMA.mseed,2025-09-28T22:48:32.320000Z,4.6,mwr,4.6,"1,3,5,10"
us6000rdhv,TVSB,data/processed/waveforms/us6000rdhv_TVSB.mseed,2025-09-28T22:48:39.880000Z,4.6,mwr,4.6,"1,3,5,10"
us6000rdhv,GORD,data/processed/waveforms/us6000rdhv_GORD.mseed,2025-09-28T22:48:44.870000Z,4.6,mwr,4.6,"1,3,5,10"
us6000re6a,MAEG,data/processed/waveforms/us6000re6a_MAEG.mseed,2025-10-02T11:55:08.180000Z,5.0,mww,5.0,"1,3,5,10"
us6000re6a,BOTS,data/processed/waveforms/us6000re6a_BOTS.mseed,2025-10-02T11:55:08.710000Z,5.0,mww,5.0,"1,3,5,10"
us6000re6a,NMR9,data/processed/waveforms/us6000re6a_NMR9.mseed,2025-10-02T11:55:09.110000Z,5.0,mww,5.0,"1,3,5,10"
us6000re6a,NMR8,data/processed/waveforms/us6000re6a_NMR8.mseed,2025-10-02T11:55:10.740000Z,5.0,mww,5.0,"1,3,5,10"
us6000rfqg,SMAA,data/processed/waveforms/us6000rfqg_SMAA.mseed,2025-10-08T23:54:10.200000Z,4.9,mww,4.9,"1,3,5,10"
us6000rfqg,SIMA,data/processed/waveforms/us6000rfqg_SIMA.mseed,2025-10-08T23:54:10.080000Z,4.9,mww,4.9,"1,3,5,10"
us6000rfqg,SHAP,data/processed/waveforms/us6000rfqg_SHAP.mseed,2025-10-08T23:54:16.470000Z,4.9,mww,4.9,"1,3,5,10"
us6000rfqg,TVSB,data/processed/waveforms/us6000rfqg_TVSB.mseed,2025-10-08T23:54:14.460000Z,4.9,mww,4.9,"1,3,5,10"
us6000rjsu,GORD,data/processed/waveforms/us6000rjsu_GORD.mseed,2025-10-27T19:48:35.580000Z,6.0,mww,6.0,"1,3,5,10"
us6000rjsu,AKS,data/processed/waveforms/us6000rjsu_AKS.mseed,2025-10-27T19:48:39.410000Z,6.0,mww,6.0,"1,3,5,10"
us6000rjsu,BALB,data/processed/waveforms/us6000rjsu_BALB.mseed,2025-10-27T19:48:40.590000Z,6.0,mww,6.0,"1,3,5,10"
us6000rl6n,GORD,data/processed/waveforms/us6000rl6n_GORD.mseed,2025-11-03T12:35:43.960000Z,5.0,mww,5.0,"1,3,5,10"
us6000rl6n,SMAA,data/processed/waveforms/us6000rl6n_SMAA.mseed,2025-11-03T12:35:49.260000Z,5.0,mww,5.0,"1,3,5,10"
us6000rl6n,SIMA,data/processed/waveforms/us6000rl6n_SIMA.mseed,2025-11-03T12:35:43.020000Z,5.0,mww,5.0,"1,3,5,10"
us6000rmjv,GORD,data/processed/waveforms/us6000rmjv_GORD.mseed,2025-11-10T06:41:46.830000Z,4.5,mwr,4.5,"1,3,5,10"
us6000ru32,GORD,data/processed/waveforms/us6000ru32_GORD.mseed,2025-12-11T07:06:21.510000Z,4.5,mwr,4.5,"1,3,5,10"
us6000ru32,BALB,data/processed/waveforms/us6000ru32_BALB.mseed,2025-12-11T07:06:27.490000Z,4.5,mwr,4.5,"1,3,5,10"
us6000s6wg,KMAH,data/processed/waveforms/us6000s6wg_KMAH.mseed,2026-02-06T11:16:18.070000Z,4.7,mwr,4.7,"1,3,5,10"
us6000s6wg,DIVR,data/processed/waveforms/us6000s6wg_DIVR.mseed,2026-02-06T11:16:26.780000Z,4.7,mwr,4.7,"1,3,5,10"
us6000s6wg,SINE,data/processed/waveforms/us6000s6wg_SINE.mseed,2026-02-06T11:16:27.770000Z,4.7,mwr,4.7,"1,3,5,10"
us6000spkw,ELL,data/processed/waveforms/us6000spkw_ELL.mseed,2026-04-13T05:48:55.170000Z,4.6,mww,4.6,"1,3,5,10"
us6000spkw,CAME,data/processed/waveforms/us6000spkw_CAME.mseed,2026-04-13T05:49:20.300000Z,4.6,mww,4.6,"1,3,5,10"
us6000spkw,BCK,data/processed/waveforms/us6000spkw_BCK.mseed,2026-04-13T05:48:53.830000Z,4.6,mww,4.6,"1,3,5,10"
us6000syx6,MLTY,data/processed/waveforms/us6000syx6_MLTY.mseed,2026-05-20T06:00:19.280000Z,5.4,mww,5.4,"1,3,5,10"
us6000syx6,AKDG,data/processed/waveforms/us6000syx6_AKDG.mseed,2026-05-20T06:00:25.580000Z,5.4,mww,5.4,"1,3,5,10"
us6000syx6,KBAN,data/processed/waveforms/us6000syx6_KBAN.mseed,2026-05-20T06:00:26.320000Z,5.4,mww,5.4,"1,3,5,10"
us6000syx6,ARGN,data/processed/waveforms/us6000syx6_ARGN.mseed,2026-05-20T06:00:27.120000Z,5.4,mww,5.4,"1,3,5,10"
us6000t9lz,CAME,data/processed/waveforms/us6000t9lz_CAME.mseed,2026-07-02T11:07:04.080000Z,5.3,mww,5.3,"1,3,5,10"
us70003dri,DALY,data/processed/waveforms/us70003dri_DALY.mseed,2019-04-29T04:43:49.880000Z,4.8,mww,4.8,"1,3,5,10"
us7000594r,CAME,data/processed/waveforms/us7000594r_CAME.mseed,2019-08-28T11:58:53.830000Z,4.9,mww,4.9,"1,3,5,10"
us70005q4l,DALY,data/processed/waveforms/us70005q4l_DALY.mseed,2019-10-03T04:45:06.300000Z,5.1,mww,5.1,"1,3,5,10"
us70005q4l,FETY,data/processed/waveforms/us70005q4l_FETY.mseed,2019-10-03T04:44:57.170000Z,5.1,mww,5.1,"1,3,5,10"
us70005q4l,CAME,data/processed/waveforms/us70005q4l_CAME.mseed,2019-10-03T04:45:13.580000Z,5.1,mww,5.1,"1,3,5,10"
us700069pz,VANB,data/processed/waveforms/us700069pz_VANB.mseed,2019-11-19T00:14:16.280000Z,4.7,mwr,4.7,"1,3,5,10"
us700069pz,AKDM,data/processed/waveforms/us700069pz_AKDM.mseed,2019-11-19T00:14:33.820000Z,4.7,mwr,4.7,"1,3,5,10"
us700069pz,CUKT,data/processed/waveforms/us700069pz_CUKT.mseed,2019-11-19T00:14:24.840000Z,4.7,mwr,4.7,"1,3,5,10"
us700069pz,TASB,data/processed/waveforms/us700069pz_TASB.mseed,2019-11-19T00:15:06.190000Z,4.7,mwr,4.7,"1,3,5,10"
us70006rg4,URFA,data/processed/waveforms/us70006rg4_URFA.mseed,2019-12-27T07:02:42.120000Z,4.9,mww,4.9,"1,3,5,10"
us70006rg4,DYBB,data/processed/waveforms/us70006rg4_DYBB.mseed,2019-12-27T07:02:45.500000Z,4.9,mww,4.9,"1,3,5,10"
us70006rg4,ILIC,data/processed/waveforms/us70006rg4_ILIC.mseed,2019-12-27T07:02:47.280000Z,4.9,mww,4.9,"1,3,5,10"
us70006rg4,DARE,data/processed/waveforms/us70006rg4_DARE.mseed,2019-12-27T07:02:38.780000Z,4.9,mww,4.9,"1,3,5,10"
us70007mw0,DALY,data/processed/waveforms/us70007mw0_DALY.mseed,2020-02-10T22:47:27.620000Z,4.9,mww,4.9,"1,3,5,10"
us70007v9g,VANB,data/processed/waveforms/us70007v9g_VANB.mseed,2020-02-23T16:00:47.520000Z,6.0,mww,6.0,"1,3,5,10"
us70007v9g,AKDM,data/processed/waveforms/us70007v9g_AKDM.mseed,2020-02-23T16:00:51.220000Z,6.0,mww,6.0,"1,3,5,10"
us70007v9g,CUKT,data/processed/waveforms/us70007v9g_CUKT.mseed,2020-02-23T16:00:57.900000Z,6.0,mww,6.0,"1,3,5,10"
us70007v9g,MLAZ,data/processed/waveforms/us70007v9g_MLAZ.mseed,2020-02-23T16:01:02.220000Z,6.0,mww,6.0,"1,3,5,10"
us70008cbe,SVRC,data/processed/waveforms/us70008cbe_SVRC.mseed,2020-03-19T17:53:34.520000Z,5.2,mww,5.2,"1,3,5,10"
us70008cbe,ARPRA,data/processed/waveforms/us70008cbe_ARPRA.mseed,2020-03-19T17:53:42.750000Z,5.2,mww,5.2,"1,3,5,10"
us70008cbe,DYBB,data/processed/waveforms/us70008cbe_DYBB.mseed,2020-03-19T17:53:49.760000Z,5.2,mww,5.2,"1,3,5,10"
us70008cbe,ILIC,data/processed/waveforms/us70008cbe_ILIC.mseed,2020-03-19T17:53:53.100000Z,5.2,mww,5.2,"1,3,5,10"
us70008cbe,ERZN,data/processed/waveforms/us70008cbe_ERZN.mseed,2020-03-19T17:53:56.700000Z,5.2,mww,5.2,"1,3,5,10"
us70008mc2,AKDM,data/processed/waveforms/us70008mc2_AKDM.mseed,2020-04-03T05:44:37.800000Z,4.7,mwr,4.7,"1,3,5,10"
us70008mc2,MLAZ,data/processed/waveforms/us70008mc2_MLAZ.mseed,2020-04-03T05:44:42.070000Z,4.7,mwr,4.7,"1,3,5,10"
us70008mc2,GURO,data/processed/waveforms/us70008mc2_GURO.mseed,2020-04-03T05:45:05.750000Z,4.7,mwr,4.7,"1,3,5,10"
us70008mx0,TAHT,data/processed/waveforms/us70008mx0_TAHT.mseed,2020-04-03T18:15:56.840000Z,4.7,mww,4.7,"1,3,5,10"
us70008mx0,EREN,data/processed/waveforms/us70008mx0_EREN.mseed,2020-04-03T18:16:06.470000Z,4.7,mww,4.7,"1,3,5,10"
us7000aavx,AKDM,data/processed/waveforms/us7000aavx_AKDM.mseed,2020-06-25T10:03:44.220000Z,5.4,mww,5.4,"1,3,5,10"
us7000aavx,MLAZ,data/processed/waveforms/us7000aavx_MLAZ.mseed,2020-06-25T10:03:55.710000Z,5.4,mww,5.4,"1,3,5,10"
us7000adtk,DALY,data/processed/waveforms/us7000adtk_DALY.mseed,2020-06-28T17:43:40.240000Z,5.4,mww,5.4,"1,3,5,10"
us7000adtk,YER,data/processed/waveforms/us7000adtk_YER.mseed,2020-06-28T17:43:41.820000Z,5.4,mww,5.4,"1,3,5,10"
us7000ae1r,DALY,data/processed/waveforms/us7000ae1r_DALY.mseed,2020-06-29T04:06:36.220000Z,4.6,mwr,4.6,"1,3,5,10"
us7000ae1r,YER,data/processed/waveforms/us7000ae1r_YER.mseed,2020-06-29T04:06:37.700000Z,4.6,mwr,4.6,"1,3,5,10"
us7000bjmq,SVRC,data/processed/waveforms/us7000bjmq_SVRC.mseed,2020-09-08T10:44:17.960000Z,4.7,mwr,4.7,"1,3,5,10"
us7000bjmq,URFA,data/processed/waveforms/us7000bjmq_URFA.mseed,2020-09-08T10:44:18.180000Z,4.7,mwr,4.7,"1,3,5,10"
us7000bjmq,DYBB,data/processed/waveforms/us7000bjmq_DYBB.mseed,2020-09-08T10:44:31.400000Z,4.7,mwr,4.7,"1,3,5,10"
us7000bjmq,ILIC,data/processed/waveforms/us7000bjmq_ILIC.mseed,2020-09-08T10:44:53.180000Z,4.7,mwr,4.7,"1,3,5,10"
us7000bnxn,MLAZ,data/processed/waveforms/us7000bnxn_MLAZ.mseed,2020-09-16T14:48:32.720000Z,4.6,mwr,4.6,"1,3,5,10"
us7000bnxn,VRTB,data/processed/waveforms/us7000bnxn_VRTB.mseed,2020-09-16T14:48:32.360000Z,4.6,mwr,4.6,"1,3,5,10"
us7000bnxn,AKDM,data/processed/waveforms/us7000bnxn_AKDM.mseed,2020-09-16T14:48:36.840000Z,4.6,mwr,4.6,"1,3,5,10"
us7000bnxn,KARO,data/processed/waveforms/us7000bnxn_KARO.mseed,2020-09-16T14:48:52.380000Z,4.6,mwr,4.6,"1,3,5,10"
us7000bqjg,YESY,data/processed/waveforms/us7000bqjg_YESY.mseed,2020-09-20T19:08:13.190000Z,5.1,mww,5.1,"1,3,5,10"
us7000bqjg,GULA,data/processed/waveforms/us7000bqjg_GULA.mseed,2020-09-20T19:08:12.870000Z,5.1,mww,5.1,"1,3,5,10"
us7000bqjg,CMRD,data/processed/waveforms/us7000bqjg_CMRD.mseed,2020-09-20T19:08:38.490000Z,5.1,mww,5.1,"1,3,5,10"
us7000bqjg,KRMN,data/processed/waveforms/us7000bqjg_KRMN.mseed,2020-09-20T19:08:44.910000Z,5.1,mww,5.1,"1,3,5,10"
us7000bqjg,KONT,data/processed/waveforms/us7000bqjg_KONT.mseed,2020-09-20T19:08:33.540000Z,5.1,mww,5.1,"1,3,5,10"
us7000bqjg,LADK,data/processed/waveforms/us7000bqjg_LADK.mseed,2020-09-20T19:08:33.080000Z,5.1,mww,5.1,"1,3,5,10"
us7000c6pg,ERZN,data/processed/waveforms/us7000c6pg_ERZN.mseed,2020-10-28T09:16:23.960000Z,4.5,mwr,4.5,"1,3,5,10"
us7000c6pg,BNGB,data/processed/waveforms/us7000c6pg_BNGB.mseed,2020-10-28T09:16:33.680000Z,4.5,mwr,4.5,"1,3,5,10"
us7000c7zh,DIDI,data/processed/waveforms/us7000c7zh_DIDI.mseed,2020-10-30T15:15:22.540000Z,5.3,mww,5.3,"1,3,5,10"
us7000c7zh,BLCB,data/processed/waveforms/us7000c7zh_BLCB.mseed,2020-10-30T15:15:07.820000Z,5.3,mww,5.3,"1,3,5,10"
us7000c8jq,BLCB,data/processed/waveforms/us7000c8jq_BLCB.mseed,2020-10-31T05:31:41.880000Z,4.9,mww,4.9,"1,3,5,10"
us7000ckak,SVRC,data/processed/waveforms/us7000ckak_SVRC.mseed,2020-11-27T08:28:05.980000Z,4.6,mwr,4.6,"1,3,5,10"
us7000ckak,URFA,data/processed/waveforms/us7000ckak_URFA.mseed,2020-11-27T08:28:09.920000Z,4.6,mwr,4.6,"1,3,5,10"
us7000ckak,DARE,data/processed/waveforms/us7000ckak_DARE.mseed,2020-11-27T08:28:12.300000Z,4.6,mwr,4.6,"1,3,5,10"
us7000ckak,DYBB,data/processed/waveforms/us7000ckak_DYBB.mseed,2020-11-27T08:28:18.680000Z,4.6,mwr,4.6,"1,3,5,10"
us7000cmfa,SVAN,data/processed/waveforms/us7000cmfa_SVAN.mseed,2020-12-03T05:45:28.340000Z,5.0,mww,5.0,"1,3,5,10"
us7000cmfa,GURO,data/processed/waveforms/us7000cmfa_GURO.mseed,2020-12-03T05:45:31.170000Z,5.0,mww,5.0,"1,3,5,10"
us7000cmfa,AKDM,data/processed/waveforms/us7000cmfa_AKDM.mseed,2020-12-03T05:45:40.050000Z,5.0,mww,5.0,"1,3,5,10"
us7000cmfa,DYBB,data/processed/waveforms/us7000cmfa_DYBB.mseed,2020-12-03T05:45:43.500000Z,5.0,mww,5.0,"1,3,5,10"
us7000cnf1,ALAN,data/processed/waveforms/us7000cnf1_ALAN.mseed,2020-12-05T12:44:57.040000Z,5.3,mww,5.3,"1,3,5,10"
us7000cnf1,HDMB,data/processed/waveforms/us7000cnf1_HDMB.mseed,2020-12-05T12:45:02.880000Z,5.3,mww,5.3,"1,3,5,10"
us7000cnf1,SEYD,data/processed/waveforms/us7000cnf1_SEYD.mseed,2020-12-05T12:45:06.750000Z,5.3,mww,5.3,"1,3,5,10"
us7000ef1g,BODT,data/processed/waveforms/us7000ef1g_BODT.mseed,2021-06-21T22:14:44.560000Z,5.5,mww,5.5,"1,3,5,10"
us7000ef1g,YER,data/processed/waveforms/us7000ef1g_YER.mseed,2021-06-21T22:14:39.880000Z,5.5,mww,5.5,"1,3,5,10"
us7000f93t,BABD,data/processed/waveforms/us7000f93t_BABD.mseed,2021-09-08T01:40:39.260000Z,4.5,mwr,4.5,"1,3,5,10"
us7000ff36,YER,data/processed/waveforms/us7000ff36_YER.mseed,2021-09-28T04:50:27.460000Z,5.3,mww,5.3,"1,3,5,10"
us7000ff36,DALY,data/processed/waveforms/us7000ff36_DALY.mseed,2021-09-28T04:49:07.220000Z,5.3,mww,5.3,"1,3,5,10"
us7000fsfm,KONT,data/processed/waveforms/us7000fsfm_KONT.mseed,2021-11-08T17:43:25.780000Z,5.1,mww,5.1,"1,3,5,10"
us7000fsfm,LADK,data/processed/waveforms/us7000fsfm_LADK.mseed,2021-11-08T17:43:29.260000Z,5.1,mww,5.1,"1,3,5,10"
us7000fsfm,SEYD,data/processed/waveforms/us7000fsfm_SEYD.mseed,2021-11-08T17:43:32.710000Z,5.1,mww,5.1,"1,3,5,10"
us7000fsfm,KIZT,data/processed/waveforms/us7000fsfm_KIZT.mseed,2021-11-08T17:43:41.220000Z,5.1,mww,5.1,"1,3,5,10"
us7000gaqu,LFK,data/processed/waveforms/us7000gaqu_LFK.mseed,2022-01-11T01:08:11.750000Z,6.6,mww,6.6,"1,3,5,10"
us7000gaqu,ALAN,data/processed/waveforms/us7000gaqu_ALAN.mseed,2022-01-11T01:08:14.130000Z,6.6,mww,6.6,"1,3,5,10"
us7000gaqu,IKL,data/processed/waveforms/us7000gaqu_IKL.mseed,2022-01-11T01:08:17.980000Z,6.6,mww,6.6,"1,3,5,10"
us7000gghf,BNGB,data/processed/waveforms/us7000gghf_BNGB.mseed,2022-01-31T00:50:04.620000Z,4.7,mwr,4.7,"1,3,5,10"
us7000gghf,ERZN,data/processed/waveforms/us7000gghf_ERZN.mseed,2022-01-31T00:50:05.840000Z,4.7,mwr,4.7,"1,3,5,10"
us7000gghf,KARO,data/processed/waveforms/us7000gghf_KARO.mseed,2022-01-31T00:50:11.380000Z,4.7,mwr,4.7,"1,3,5,10"
us7000ghf9,IKL,data/processed/waveforms/us7000ghf9_IKL.mseed,2022-02-02T21:04:20.740000Z,5.3,mww,5.3,"1,3,5,10"
us7000gkl5,KARS,data/processed/waveforms/us7000gkl5_KARS.mseed,2022-02-13T18:26:12.310000Z,5.3,mww,5.3,"1,3,5,10"
us7000gkl5,TASB,data/processed/waveforms/us7000gkl5_TASB.mseed,2022-02-13T18:26:18.260000Z,5.3,mww,5.3,"1,3,5,10"
us7000gkl5,SENK,data/processed/waveforms/us7000gkl5_SENK.mseed,2022-02-13T18:26:21.640000Z,5.3,mww,5.3,"1,3,5,10"
us7000gkl5,AGRB,data/processed/waveforms/us7000gkl5_AGRB.mseed,2022-02-13T18:26:28.410000Z,5.3,mww,5.3,"1,3,5,10"
us7000gkl5,KOPR,data/processed/waveforms/us7000gkl5_KOPR.mseed,2022-02-13T18:26:32.600000Z,5.3,mww,5.3,"1,3,5,10"
us7000hgyu,VANB,data/processed/waveforms/us7000hgyu_VANB.mseed,2022-06-12T18:35:26.330000Z,5.2,mww,5.2,"1,3,5,10"
us7000hgyu,AKDM,data/processed/waveforms/us7000hgyu_AKDM.mseed,2022-06-12T18:35:32.120000Z,5.2,mww,5.2,"1,3,5,10"
us7000hgyu,GURO,data/processed/waveforms/us7000hgyu_GURO.mseed,2022-06-12T18:35:43.990000Z,5.2,mww,5.2,"1,3,5,10"
us7000hgyu,TASB,data/processed/waveforms/us7000hgyu_TASB.mseed,2022-06-12T18:35:49.130000Z,5.2,mww,5.2,"1,3,5,10"
us7000i3ym,DIDI,data/processed/waveforms/us7000i3ym_DIDI.mseed,2022-08-31T09:56:55.960000Z,4.7,mwr,4.7,"1,3,5,10"
us7000i3ym,BODT,data/processed/waveforms/us7000i3ym_BODT.mseed,2022-08-31T09:57:08.600000Z,4.7,mwr,4.7,"1,3,5,10"
us7000i3yp,DIDI,data/processed/waveforms/us7000i3yp_DIDI.mseed,2022-08-31T10:10:24.980000Z,5.4,mww,5.4,"1,3,5,10"
us7000i3yp,BODT,data/processed/waveforms/us7000i3yp_BODT.mseed,2022-08-31T10:10:39.040000Z,5.4,mww,5.4,"1,3,5,10"
us7000i3yp,BODA,data/processed/waveforms/us7000i3yp_BODA.mseed,2022-08-31T10:10:39.810000Z,5.4,mww,5.4,"1,3,5,10"
us7000i8nr,KARO,data/processed/waveforms/us7000i8nr_KARO.mseed,2022-09-16T20:30:42.560000Z,4.8,mwr,4.8,"1,3,5,10"
us7000i8nr,BNGB,data/processed/waveforms/us7000i8nr_BNGB.mseed,2022-09-16T20:30:43.880000Z,4.8,mwr,4.8,"1,3,5,10"
us7000i8nr,VRTB,data/processed/waveforms/us7000i8nr_VRTB.mseed,2022-09-16T20:30:49.240000Z,4.8,mwr,4.8,"1,3,5,10"
us7000i8nr,ERZN,data/processed/waveforms/us7000i8nr_ERZN.mseed,2022-09-16T20:30:50.440000Z,4.8,mwr,4.8,"1,3,5,10"
us7000irp8,UVEZ,data/processed/waveforms/us7000irp8_UVEZ.mseed,2022-11-23T01:08:18.720000Z,6.1,mww,6.1,"1,3,5,10"
us7000irp8,MDUB,data/processed/waveforms/us7000irp8_MDUB.mseed,2022-11-23T01:08:22.860000Z,6.1,mww,6.1,"1,3,5,10"
us7000irp8,SAUV,data/processed/waveforms/us7000irp8_SAUV.mseed,2022-11-23T01:08:25.590000Z,6.1,mww,6.1,"1,3,5,10"
us7000irp8,KDZE,data/processed/waveforms/us7000irp8_KDZE.mseed,2022-11-23T01:08:26.380000Z,6.1,mww,6.1,"1,3,5,10"
us7000j2pq,EZN,data/processed/waveforms/us7000j2pq_EZN.mseed,2023-01-07T01:53:07.240000Z,4.8,mwr,4.8,"1,3,5,10"
us7000j2pq,YAYO,data/processed/waveforms/us7000j2pq_YAYO.mseed,2023-01-07T01:53:11.380000Z,4.8,mwr,4.8,"1,3,5,10"
us7000j3cr,EZN,data/processed/waveforms/us7000j3cr_EZN.mseed,2023-01-10T07:38:39.620000Z,4.9,mwr,4.9,"1,3,5,10"
us7000j3cr,YAYO,data/processed/waveforms/us7000j3cr_YAYO.mseed,2023-01-10T07:38:44.470000Z,4.9,mwr,4.9,"1,3,5,10"
us7000j56z,CLDR,data/processed/waveforms/us7000j56z_CLDR.mseed,2023-01-18T10:08:29.540000Z,5.7,mww,5.7,"1,3,5,10"
us7000j56z,VANB,data/processed/waveforms/us7000j56z_VANB.mseed,2023-01-18T10:08:33.260000Z,5.7,mww,5.7,"1,3,5,10"
us7000j56z,AKDM,data/processed/waveforms/us7000j56z_AKDM.mseed,2023-01-18T10:08:39.040000Z,5.7,mww,5.7,"1,3,5,10"
us7000j56z,TASB,data/processed/waveforms/us7000j56z_TASB.mseed,2023-01-18T10:08:40.690000Z,5.7,mww,5.7,"1,3,5,10"
us7000j56z,MLAZ,data/processed/waveforms/us7000j56z_MLAZ.mseed,2023-01-18T10:08:48.550000Z,5.7,mww,5.7,"1,3,5,10"
us7000jgyv,KMRS,data/processed/waveforms/us7000jgyv_KMRS.mseed,2023-03-03T02:53:50.740000Z,5.0,mww,5.0,"1,3,5,10"
us7000jgyv,SARI,data/processed/waveforms/us7000jgyv_SARI.mseed,2023-03-03T02:53:53.630000Z,5.0,mww,5.0,"1,3,5,10"
us7000jgyv,KOZT,data/processed/waveforms/us7000jgyv_KOZT.mseed,2023-03-03T02:53:57.250000Z,5.0,mww,5.0,"1,3,5,10"
us7000jgyv,CMRD,data/processed/waveforms/us7000jgyv_CMRD.mseed,2023-03-03T02:54:28.360000Z,5.0,mww,5.0,"1,3,5,10"
us7000jhi7,TAHT,data/processed/waveforms/us7000jhi7_TAHT.mseed,2023-03-05T20:49:54.190000Z,4.8,mwr,4.8,"1,3,5,10"
us7000jhi7,CEYT,data/processed/waveforms/us7000jhi7_CEYT.mseed,2023-03-05T20:49:54.530000Z,4.8,mwr,4.8,"1,3,5,10"
us7000jhvn,BNN,data/processed/waveforms/us7000jhvn_BNN.mseed,2023-03-07T11:47:36.630000Z,4.7,mwr,4.7,"1,3,5,10"
us7000jhvn,KOZK,data/processed/waveforms/us7000jhvn_KOZK.mseed,2023-03-07T11:47:41.070000Z,4.7,mwr,4.7,"1,3,5,10"
us7000jhvn,GULA,data/processed/waveforms/us7000jhvn_GULA.mseed,2023-03-07T11:47:45.060000Z,4.7,mwr,4.7,"1,3,5,10"
us7000jhvn,YOZ,data/processed/waveforms/us7000jhvn_YOZ.mseed,2023-03-07T11:47:45.840000Z,4.7,mwr,4.7,"1,3,5,10"
us7000jhvn,KAMT,data/processed/waveforms/us7000jhvn_KAMT.mseed,2023-03-07T11:48:48.820000Z,4.7,mwr,4.7,"1,3,5,10"
us7000jiph,BNN,data/processed/waveforms/us7000jiph_BNN.mseed,2023-03-10T02:28:22.800000Z,4.8,mwr,4.8,"1,3,5,10"
us7000jiph,KOZK,data/processed/waveforms/us7000jiph_KOZK.mseed,2023-03-10T02:28:27.480000Z,4.8,mwr,4.8,"1,3,5,10"
us7000jiph,SARI,data/processed/waveforms/us7000jiph_SARI.mseed,2023-03-10T02:28:33.690000Z,4.8,mwr,4.8,"1,3,5,10"
us7000jiph,YOZ,data/processed/waveforms/us7000jiph_YOZ.mseed,2023-03-10T02:28:33.470000Z,4.8,mwr,4.8,"1,3,5,10"
us7000jiph,KAMT,data/processed/waveforms/us7000jiph_KAMT.mseed,2023-03-10T02:29:35.340000Z,4.8,mwr,4.8,"1,3,5,10"
us7000jjft,SVRC,data/processed/waveforms/us7000jjft_SVRC.mseed,2023-03-13T01:34:40.290000Z,4.6,mwr,4.6,"1,3,5,10"
us7000jjft,URFA,data/processed/waveforms/us7000jjft_URFA.mseed,2023-03-13T01:34:44.770000Z,4.6,mwr,4.6,"1,3,5,10"
us7000jjft,KARO,data/processed/waveforms/us7000jjft_KARO.mseed,2023-03-13T01:35:59.150000Z,4.6,mwr,4.6,"1,3,5,10"
us7000jjv5,KMRS,data/processed/waveforms/us7000jjv5_KMRS.mseed,2023-03-14T14:49:58.550000Z,4.6,mwr,4.6,"1,3,5,10"
us7000jjv5,GAZ,data/processed/waveforms/us7000jjv5_GAZ.mseed,2023-03-14T14:50:03.140000Z,4.6,mwr,4.6,"1,3,5,10"
us7000jjv5,DARE,data/processed/waveforms/us7000jjv5_DARE.mseed,2023-03-14T14:50:02.650000Z,4.6,mwr,4.6,"1,3,5,10"
us7000jkeb,RUZG,data/processed/waveforms/us7000jkeb_RUZG.mseed,2023-03-16T10:55:11.440000Z,4.8,mww,4.8,"1,3,5,10"
us7000jkeb,MDUB,data/processed/waveforms/us7000jkeb_MDUB.mseed,2023-03-16T10:55:15.010000Z,4.8,mww,4.8,"1,3,5,10"
us7000jkeb,YUVA,data/processed/waveforms/us7000jkeb_YUVA.mseed,2023-03-16T10:55:15.400000Z,4.8,mww,4.8,"1,3,5,10"
us7000jkeb,UVEZ,data/processed/waveforms/us7000jkeb_UVEZ.mseed,2023-03-16T10:55:16.640000Z,4.8,mww,4.8,"1,3,5,10"
us7000jkeb,SAUV,data/processed/waveforms/us7000jkeb_SAUV.mseed,2023-03-16T10:55:24.040000Z,4.8,mww,4.8,"1,3,5,10"
us7000jkel,VANB,data/processed/waveforms/us7000jkel_VANB.mseed,2023-03-16T11:47:41.100000Z,5.2,mww,5.2,"1,3,5,10"
us7000jkel,TASB,data/processed/waveforms/us7000jkel_TASB.mseed,2023-03-16T11:47:47.420000Z,5.2,mww,5.2,"1,3,5,10"
us7000jkel,AKDM,data/processed/waveforms/us7000jkel_AKDM.mseed,2023-03-16T11:47:46.390000Z,5.2,mww,5.2,"1,3,5,10"
us7000jkel,MLAZ,data/processed/waveforms/us7000jkel_MLAZ.mseed,2023-03-16T11:47:56.060000Z,5.2,mww,5.2,"1,3,5,10"
us7000jm54,SARI,data/processed/waveforms/us7000jm54_SARI.mseed,2023-03-23T09:19:59.830000Z,5.3,mww,5.3,"1,3,5,10"
us7000jm54,KMRS,data/processed/waveforms/us7000jm54_KMRS.mseed,2023-03-23T09:20:04.900000Z,5.3,mww,5.3,"1,3,5,10"
us7000jm54,KOZT,data/processed/waveforms/us7000jm54_KOZT.mseed,2023-03-23T09:20:06.730000Z,5.3,mww,5.3,"1,3,5,10"
us7000jm54,CMRD,data/processed/waveforms/us7000jm54_CMRD.mseed,2023-03-23T09:20:37.290000Z,5.3,mww,5.3,"1,3,5,10"
us7000jm54,KOZK,data/processed/waveforms/us7000jm54_KOZK.mseed,2023-03-23T09:20:25.700000Z,5.3,mww,5.3,"1,3,5,10"
us7000jmay,SARI,data/processed/waveforms/us7000jmay_SARI.mseed,2023-03-24T00:40:01.430000Z,4.6,mwr,4.6,"1,3,5,10"
us7000jmay,KMRS,data/processed/waveforms/us7000jmay_KMRS.mseed,2023-03-24T00:40:06.290000Z,4.6,mwr,4.6,"1,3,5,10"
us7000jmay,KOZT,data/processed/waveforms/us7000jmay_KOZT.mseed,2023-03-24T00:40:07.720000Z,4.6,mwr,4.6,"1,3,5,10"
us7000jmay,CMRD,data/processed/waveforms/us7000jmay_CMRD.mseed,2023-03-24T00:40:34.040000Z,4.6,mwr,4.6,"1,3,5,10"
us7000jmay,KOZK,data/processed/waveforms/us7000jmay_KOZK.mseed,2023-03-24T00:40:26.430000Z,4.6,mwr,4.6,"1,3,5,10"
us7000jmbi,VANB,data/processed/waveforms/us7000jmbi_VANB.mseed,2023-03-24T03:17:17.690000Z,5.6,mww,5.6,"1,3,5,10"
us7000jmbi,AKDM,data/processed/waveforms/us7000jmbi_AKDM.mseed,2023-03-24T03:17:25.020000Z,5.6,mww,5.6,"1,3,5,10"
us7000jmbi,TASB,data/processed/waveforms/us7000jmbi_TASB.mseed,2023-03-24T03:17:27.700000Z,5.6,mww,5.6,"1,3,5,10"
us7000jmbi,MLAZ,data/processed/waveforms/us7000jmbi_MLAZ.mseed,2023-03-24T03:17:35.670000Z,5.6,mww,5.6,"1,3,5,10"
us7000jw42,DIDI,data/processed/waveforms/us7000jw42_DIDI.mseed,2023-04-26T20:01:00.930000Z,5.1,mww,5.1,"1,3,5,10"
us7000kqky,DARE,data/processed/waveforms/us7000kqky_DARE.mseed,2023-08-24T05:35:35.180000Z,4.8,mwr,4.8,"1,3,5,10"
us7000kqky,SVRC,data/processed/waveforms/us7000kqky_SVRC.mseed,2023-08-24T05:35:40.340000Z,4.8,mwr,4.8,"1,3,5,10"
us7000kqky,SINE,data/processed/waveforms/us7000kqky_SINE.mseed,2023-08-24T05:35:49.070000Z,4.8,mwr,4.8,"1,3,5,10"
us7000krs4,KULU,data/processed/waveforms/us7000krs4_KULU.mseed,2023-08-29T04:58:17.480000Z,4.8,mwr,4.8,"1,3,5,10"
us7000krs4,CHBY,data/processed/waveforms/us7000krs4_CHBY.mseed,2023-08-29T04:58:21.670000Z,4.8,mwr,4.8,"1,3,5,10"
us7000krs4,AFSR,data/processed/waveforms/us7000krs4_AFSR.mseed,2023-08-29T04:58:28.310000Z,4.8,mwr,4.8,"1,3,5,10"
us7000krs4,SERE,data/processed/waveforms/us7000krs4_SERE.mseed,2023-08-29T04:58:24.780000Z,4.8,mwr,4.8,"1,3,5,10"
us7000krs4,KAMT,data/processed/waveforms/us7000krs4_KAMT.mseed,2023-08-29T04:58:29.430000Z,4.8,mwr,4.8,"1,3,5,10"
us7000krs4,POLA,data/processed/waveforms/us7000krs4_POLA.mseed,2023-08-29T04:58:34.940000Z,4.8,mwr,4.8,"1,3,5,10"
us7000krs4,BLVD,data/processed/waveforms/us7000krs4_BLVD.mseed,2023-08-29T04:58:42.960000Z,4.8,mwr,4.8,"1,3,5,10"
us7000krs4,KOZK,data/processed/waveforms/us7000krs4_KOZK.mseed,2023-08-29T04:58:47.640000Z,4.8,mwr,4.8,"1,3,5,10"
us7000kxls,SARI,data/processed/waveforms/us7000kxls_SARI.mseed,2023-09-23T08:22:30.850000Z,4.5,mwr,4.5,"1,3,5,10"
us7000kxls,KMRS,data/processed/waveforms/us7000kxls_KMRS.mseed,2023-09-23T08:22:33.790000Z,4.5,mwr,4.5,"1,3,5,10"
us7000kxls,KOZT,data/processed/waveforms/us7000kxls_KOZT.mseed,2023-09-23T08:22:36.720000Z,4.5,mwr,4.5,"1,3,5,10"
us7000l9r5,TAHT,data/processed/waveforms/us7000l9r5_TAHT.mseed,2023-11-09T02:32:19.630000Z,4.6,mwr,4.6,"1,3,5,10"
us7000l9r5,CEYT,data/processed/waveforms/us7000l9r5_CEYT.mseed,2023-11-09T02:32:27.990000Z,4.6,mwr,4.6,"1,3,5,10"
us7000l9r5,CMRD,data/processed/waveforms/us7000l9r5_CMRD.mseed,2023-11-09T02:33:03.750000Z,4.6,mwr,4.6,"1,3,5,10"
us7000leyu,DARE,data/processed/waveforms/us7000leyu_DARE.mseed,2023-12-01T00:18:53.340000Z,4.5,mwr,4.5,"1,3,5,10"
us7000leyu,SARI,data/processed/waveforms/us7000leyu_SARI.mseed,2023-12-01T00:19:06.410000Z,4.5,mwr,4.5,"1,3,5,10"
us7000leyu,SINE,data/processed/waveforms/us7000leyu_SINE.mseed,2023-12-01T00:19:41.790000Z,4.5,mwr,4.5,"1,3,5,10"
us7000lg2l,MDNY,data/processed/waveforms/us7000lg2l_MDNY.mseed,2023-12-04T07:42:23.340000Z,5.1,mww,5.1,"1,3,5,10"
us7000lg2l,GEML,data/processed/waveforms/us7000lg2l_GEML.mseed,2023-12-04T07:42:26.670000Z,5.1,mww,5.1,"1,3,5,10"
us7000ltqd,URFA,data/processed/waveforms/us7000ltqd_URFA.mseed,2024-01-25T13:04:23.900000Z,5.0,mww,5.0,"1,3,5,10"
us7000ltqd,DARE,data/processed/waveforms/us7000ltqd_DARE.mseed,2024-01-25T13:04:20.690000Z,5.0,mww,5.0,"1,3,5,10"
us7000ltqd,SINE,data/processed/waveforms/us7000ltqd_SINE.mseed,2024-01-25T13:04:29.370000Z,5.0,mww,5.0,"1,3,5,10"
us7000luac,GMLD,data/processed/waveforms/us7000luac_GMLD.mseed,2024-01-27T05:19:27.760000Z,5.1,mww,5.1,"1,3,5,10"
us7000luac,BLCB,data/processed/waveforms/us7000luac_BLCB.mseed,2024-01-27T05:19:27.970000Z,5.1,mww,5.1,"1,3,5,10"
us7000m4jl,ELL,data/processed/waveforms/us7000m4jl_ELL.mseed,2024-03-10T13:56:09.630000Z,4.8,mwr,4.8,"1,3,5,10"
us7000m4jl,CAME,data/processed/waveforms/us7000m4jl_CAME.mseed,2024-03-10T13:56:16.980000Z,4.8,mwr,4.8,"1,3,5,10"
us7000m4jl,BCK,data/processed/waveforms/us7000m4jl_BCK.mseed,2024-03-10T13:56:23.140000Z,4.8,mwr,4.8,"1,3,5,10"
us7000mcs6,CAYL,data/processed/waveforms/us7000mcs6_CAYL.mseed,2024-04-17T22:07:06.400000Z,4.6,mwr,4.6,"1,3,5,10"
us7000mcxc,CAYL,data/processed/waveforms/us7000mcxc_CAYL.mseed,2024-04-18T15:11:29.980000Z,5.6,mww,5.6,"1,3,5,10"
us7000mcxc,YOZ,data/processed/waveforms/us7000mcxc_YOZ.mseed,2024-04-18T15:11:35.980000Z,5.6,mww,5.6,"1,3,5,10"
us7000ms04,CAME,data/processed/waveforms/us7000ms04_CAME.mseed,2024-06-12T19:19:36.680000Z,4.7,mww,4.7,"1,3,5,10"
us7000n7dh,TAHT,data/processed/waveforms/us7000n7dh_TAHT.mseed,2024-08-16T10:16:03.140000Z,4.8,mww,4.8,"1,3,5,10"
us7000n7dh,GAZ,data/processed/waveforms/us7000n7dh_GAZ.mseed,2024-08-16T10:16:19.890000Z,4.8,mww,4.8,"1,3,5,10"
us7000n7dh,EREN,data/processed/waveforms/us7000n7dh_EREN.mseed,2024-08-16T10:16:16.230000Z,4.8,mww,4.8,"1,3,5,10"
us7000nni1,KOZT,data/processed/waveforms/us7000nni1_KOZT.mseed,2024-10-27T17:07:12.770000Z,4.9,mww,4.9,"1,3,5,10"
us7000nni1,CEYT,data/processed/waveforms/us7000nni1_CEYT.mseed,2024-10-27T17:07:22.290000Z,4.9,mww,4.9,"1,3,5,10"
us7000nni1,KMRS,data/processed/waveforms/us7000nni1_KMRS.mseed,2024-10-27T17:07:24.510000Z,4.9,mww,4.9,"1,3,5,10"
us7000nni1,CMRD,data/processed/waveforms/us7000nni1_CMRD.mseed,2024-10-27T17:07:26.480000Z,4.9,mww,4.9,"1,3,5,10"
us7000nqls,SVRC,data/processed/waveforms/us7000nqls_SVRC.mseed,2024-11-08T14:04:07.510000Z,5.1,mwr,5.1,"1,3,5,10"
us7000nqls,SINE,data/processed/waveforms/us7000nqls_SINE.mseed,2024-11-08T14:04:11.740000Z,5.1,mwr,5.1,"1,3,5,10"
us7000nqls,DYBB,data/processed/waveforms/us7000nqls_DYBB.mseed,2024-11-08T14:04:18.740000Z,5.1,mwr,5.1,"1,3,5,10"
us7000nqls,KBAN,data/processed/waveforms/us7000nqls_KBAN.mseed,2024-11-08T14:04:14.580000Z,5.1,mwr,5.1,"1,3,5,10"
us7000nqls,ARGN,data/processed/waveforms/us7000nqls_ARGN.mseed,2024-11-08T14:04:23.090000Z,5.1,mwr,5.1,"1,3,5,10"
us7000nqls,KMAH,data/processed/waveforms/us7000nqls_KMAH.mseed,2024-11-08T14:04:22.840000Z,5.1,mwr,5.1,"1,3,5,10"
us7000nrxw,NURH,data/processed/waveforms/us7000nrxw_NURH.mseed,2024-11-15T07:46:22.670000Z,4.9,mwr,4.9,"1,3,5,10"
us7000nrxw,DARE,data/processed/waveforms/us7000nrxw_DARE.mseed,2024-11-15T07:46:30.590000Z,4.9,mwr,4.9,"1,3,5,10"
us7000nrxw,KMRS,data/processed/waveforms/us7000nrxw_KMRS.mseed,2024-11-15T07:46:34.440000Z,4.9,mwr,4.9,"1,3,5,10"
us7000nrxw,ARGN,data/processed/waveforms/us7000nrxw_ARGN.mseed,2024-11-15T07:46:37.950000Z,4.9,mwr,4.9,"1,3,5,10"
us7000nrxw,KBAN,data/processed/waveforms/us7000nrxw_KBAN.mseed,2024-11-15T07:47:02.260000Z,4.9,mwr,4.9,"1,3,5,10"
us7000pufs,BOTS,data/processed/waveforms/us7000pufs_BOTS.mseed,2025-04-23T09:49:16.110000Z,6.2,mww,6.2,"1,3,5,10"
us7000pufs,GUZE,data/processed/waveforms/us7000pufs_GUZE.mseed,2025-04-23T09:49:17.710000Z,6.2,mww,6.2,"1,3,5,10"
us7000pugj,SINB,data/processed/waveforms/us7000pugj_SINB.mseed,2025-04-23T12:13:03.500000Z,4.9,mww,4.9,"1,3,5,10"
us7000pugj,BOTS,data/processed/waveforms/us7000pugj_BOTS.mseed,2025-04-23T12:13:04.510000Z,4.9,mww,4.9,"1,3,5,10"
us7000puz4,SMAA,data/processed/waveforms/us7000puz4_SMAA.mseed,2025-04-25T07:20:06.510000Z,4.6,mwr,4.6,"1,3,5,10"
us7000puz4,SIMA,data/processed/waveforms/us7000puz4_SIMA.mseed,2025-04-25T07:20:06.250000Z,4.6,mwr,4.6,"1,3,5,10"
us7000puz4,GEDZ,data/processed/waveforms/us7000puz4_GEDZ.mseed,2025-04-25T07:20:10.570000Z,4.6,mwr,4.6,"1,3,5,10"
us7000pvfk,SVRC,data/processed/waveforms/us7000pvfk_SVRC.mseed,2025-04-27T18:09:43.280000Z,4.7,mwr,4.7,"1,3,5,10"
us7000pvfk,KBAN,data/processed/waveforms/us7000pvfk_KBAN.mseed,2025-04-27T18:09:45.740000Z,4.7,mwr,4.7,"1,3,5,10"
us7000pvfk,ARGN,data/processed/waveforms/us7000pvfk_ARGN.mseed,2025-04-27T18:09:49.550000Z,4.7,mwr,4.7,"1,3,5,10"
us7000pvfk,SINE,data/processed/waveforms/us7000pvfk_SINE.mseed,2025-04-27T18:09:53.060000Z,4.7,mwr,4.7,"1,3,5,10"
us7000pvfk,NURH,data/processed/waveforms/us7000pvfk_NURH.mseed,2025-04-27T18:09:50.610000Z,4.7,mwr,4.7,"1,3,5,10"
us7000pz2p,CAME,data/processed/waveforms/us7000pz2p_CAME.mseed,2025-05-13T22:51:55.440000Z,6.0,mww,6.0,"1,3,5,10"
us7000pzcl,KULU,data/processed/waveforms/us7000pzcl_KULU.mseed,2025-05-15T12:46:41.210000Z,5.0,mww,5.0,"1,3,5,10"
us7000pzcl,AFSR,data/processed/waveforms/us7000pzcl_AFSR.mseed,2025-05-15T12:46:45.100000Z,5.0,mww,5.0,"1,3,5,10"
us7000pzcl,KAMT,data/processed/waveforms/us7000pzcl_KAMT.mseed,2025-05-15T12:46:45.830000Z,5.0,mww,5.0,"1,3,5,10"
us7000pzcl,POLA,data/processed/waveforms/us7000pzcl_POLA.mseed,2025-05-15T12:47:54.600000Z,5.0,mww,5.0,"1,3,5,10"
us7000pzcl,KOZK,data/processed/waveforms/us7000pzcl_KOZK.mseed,2025-05-15T12:47:01.720000Z,5.0,mww,5.0,"1,3,5,10"
us7000pzcl,YALI,data/processed/waveforms/us7000pzcl_YALI.mseed,2025-05-15T12:46:54.060000Z,5.0,mww,5.0,"1,3,5,10"
us7000q0pq,BODT,data/processed/waveforms/us7000q0pq_BODT.mseed,2025-05-22T03:20:28.790000Z,6.2,mww,6.2,"1,3,5,10"
us7000quja,GORD,data/processed/waveforms/us7000quja_GORD.mseed,2025-09-07T09:35:14.370000Z,4.9,mww,4.9,"1,3,5,10"
us7000quja,AKS,data/processed/waveforms/us7000quja_AKS.mseed,2025-09-07T09:35:17.840000Z,4.9,mww,4.9,"1,3,5,10"
us7000quja,SOMA,data/processed/waveforms/us7000quja_SOMA.mseed,2025-09-07T09:35:19.870000Z,4.9,mww,4.9,"1,3,5,10"
us7000quja,BALB,data/processed/waveforms/us7000quja_BALB.mseed,2025-09-07T09:35:20.540000Z,4.9,mww,4.9,"1,3,5,10"
us7000qxqv,GORD,data/processed/waveforms/us7000qxqv_GORD.mseed,2025-09-21T21:05:52.800000Z,5.1,mww,5.1,"1,3,5,10"
us7000qxqv,AKS,data/processed/waveforms/us7000qxqv_AKS.mseed,2025-09-21T21:05:57.970000Z,5.1,mww,5.1,"1,3,5,10"
us7000qxqv,SOMA,data/processed/waveforms/us7000qxqv_SOMA.mseed,2025-09-21T21:05:57.900000Z,5.1,mww,5.1,"1,3,5,10"
us7000rmaa,SVRC,data/processed/waveforms/us7000rmaa_SVRC.mseed,2026-01-03T17:27:32.540000Z,4.5,mwr,4.5,"1,3,5,10"
us7000rmaa,MLTY,data/processed/waveforms/us7000rmaa_MLTY.mseed,2026-01-03T17:27:34.190000Z,4.5,mwr,4.5,"1,3,5,10"
us7000rmaa,KBAN,data/processed/waveforms/us7000rmaa_KBAN.mseed,2026-01-03T17:27:35.090000Z,4.5,mwr,4.5,"1,3,5,10"
us7000rmaa,ARGN,data/processed/waveforms/us7000rmaa_ARGN.mseed,2026-01-03T17:27:39.010000Z,4.5,mwr,4.5,"1,3,5,10"
us7000rmaa,AKDG,data/processed/waveforms/us7000rmaa_AKDG.mseed,2026-01-03T17:27:40.630000Z,4.5,mwr,4.5,"1,3,5,10"
us7000rr79,GORD,data/processed/waveforms/us7000rr79_GORD.mseed,2026-01-21T20:29:01.870000Z,4.5,mwr,4.5,"1,3,5,10"
us7000rrq9,GORD,data/processed/waveforms/us7000rrq9_GORD.mseed,2026-01-23T21:24:43.750000Z,4.9,mww,4.9,"1,3,5,10"
us7000rrq9,AKS,data/processed/waveforms/us7000rrq9_AKS.mseed,2026-01-23T21:24:47.330000Z,4.9,mww,4.9,"1,3,5,10"
us7000s33s,BABD,data/processed/waveforms/us7000s33s_BABD.mseed,2026-03-09T06:21:10.990000Z,5.0,mww,5.0,"1,3,5,10"
us7000s33s,KULA,data/processed/waveforms/us7000s33s_KULA.mseed,2026-03-09T06:21:17.770000Z,5.0,mww,5.0,"1,3,5,10"
us7000s33s,BAKL,data/processed/waveforms/us7000s33s_BAKL.mseed,2026-03-09T06:21:14.940000Z,5.0,mww,5.0,"1,3,5,10"
us7000s33s,SERH,data/processed/waveforms/us7000s33s_SERH.mseed,2026-03-09T06:21:15.350000Z,5.0,mww,5.0,"1,3,5,10"
us7000sskd,GAZ,data/processed/waveforms/us7000sskd_GAZ.mseed,2026-06-12T21:08:52.110000Z,4.6,mwr,4.6,"1,3,5,10"
us7000sskd,NURH,data/processed/waveforms/us7000sskd_NURH.mseed,2026-06-12T21:09:05.900000Z,4.6,mwr,4.6,"1,3,5,10"
us7000sskd,AKDG,data/processed/waveforms/us7000sskd_AKDG.mseed,2026-06-12T21:09:16.060000Z,4.6,mwr,4.6,"1,3,5,10"
us7000t1j0,MLTY,data/processed/waveforms/us7000t1j0_MLTY.mseed,2026-07-18T03:21:02.590000Z,5.0,mww,5.0,"1,3,5,10"
us7000t1j0,AKDG,data/processed/waveforms/us7000t1j0_AKDG.mseed,2026-07-18T03:21:08.110000Z,5.0,mww,5.0,"1,3,5,10"
us7000t1j0,ARGN,data/processed/waveforms/us7000t1j0_ARGN.mseed,2026-07-18T03:21:10.830000Z,5.0,mww,5.0,"1,3,5,10"
us7000t1j0,KBAN,data/processed/waveforms/us7000t1j0_KBAN.mseed,2026-07-18T03:21:10.660000Z,5.0,mww,5.0,"1,3,5,10"
usb000r2hc,GADA,data/processed/waveforms/usb000r2hc_GADA.mseed,2014-05-24T09:25:09.950000Z,6.9,mww,6.9,"1,3,5,10"
usb000r2hc,ENEZ,data/processed/waveforms/usb000r2hc_ENEZ.mseed,2014-05-24T09:25:16.190000Z,6.9,mww,6.9,"1,3,5,10"
usb000r2hc,DKL,data/processed/waveforms/usb000r2hc_DKL.mseed,2014-05-24T09:25:31.720000Z,6.9,mww,6.9,"1,3,5,10"
usb000r3dw,BALB,data/processed/waveforms/usb000r3dw_BALB.mseed,2014-05-25T11:39:07.250000Z,4.9,mwr,4.9,"1,3,5,10"
usb000s99n,KEMT,data/processed/waveforms/usb000s99n_KEMT.mseed,2014-09-04T21:00:15.300000Z,5.3,mww,5.3,"1,3,5,10"
usb000s99n,ELL,data/processed/waveforms/usb000s99n_ELL.mseed,2014-09-04T21:00:21.700000Z,5.3,mww,5.3,"1,3,5,10"
usb000t0sw,SIMA,data/processed/waveforms/usb000t0sw_SIMA.mseed,2014-11-28T02:30:12.960000Z,4.5,mwr,4.5,"1,3,5,10"
usb000t0sw,TVSB,data/processed/waveforms/usb000t0sw_TVSB.mseed,2014-11-28T02:30:17.880000Z,4.5,mwr,4.5,"1,3,5,10"
usc000fayn,DIDI,data/processed/waveforms/usc000fayn_DIDI.mseed,2013-02-21T10:18:57.840000Z,4.5,mwr,4.5,"1,3,5,10"
usc000fayn,BODT,data/processed/waveforms/usc000fayn_BODT.mseed,2013-02-21T10:19:00.340000Z,4.5,mwr,4.5,"1,3,5,10"
usc000ltax,ALAN,data/processed/waveforms/usc000ltax_ALAN.mseed,2013-12-28T15:21:20.800000Z,5.9,mww,5.9,"1,3,5,10"
usc000ltax,ELL,data/processed/waveforms/usc000ltax_ELL.mseed,2013-12-28T15:21:29.960000Z,5.9,mww,5.9,"1,3,5,10"
usc000mq8w,TAHT,data/processed/waveforms/usc000mq8w_TAHT.mseed,2014-02-14T00:33:46.320000Z,4.7,mwr,4.7,"1,3,5,10"
usc000rctx,TAHT,data/processed/waveforms/usc000rctx_TAHT.mseed,2014-06-09T03:38:43.400000Z,4.6,mwr,4.6,"1,3,5,10"
usc000retx,BODT,data/processed/waveforms/usc000retx_BODT.mseed,2014-06-13T00:35:20.980000Z,4.7,mwr,4.7,"1,3,5,10"
usc000rpuu,EDC,data/processed/waveforms/usc000rpuu_EDC.mseed,2014-07-03T05:04:50.350000Z,4.6,mwr,4.6,"1,3,5,10"
usc000rpuu,KCTX,data/processed/waveforms/usc000rpuu_KCTX.mseed,2014-07-03T05:04:53.350000Z,4.6,mwr,4.6,"1,3,5,10"
usc000rpuu,MRMT,data/processed/waveforms/usc000rpuu_MRMT.mseed,2014-07-03T05:04:56.190000Z,4.6,mwr,4.6,"1,3,5,10"
usc000rpuu,BALB,data/processed/waveforms/usc000rpuu_BALB.mseed,2014-07-03T05:04:57.710000Z,4.6,mwr,4.6,"1,3,5,10"
usc000svyz,DALY,data/processed/waveforms/usc000svyz_DALY.mseed,2014-11-10T06:16:47.400000Z,4.8,mwr,4.8,"1,3,5,10"
usc000svyz,YER,data/processed/waveforms/usc000svyz_YER.mseed,2014-11-10T06:16:49.740000Z,4.8,mwr,4.8,"1,3,5,10"
usc000svyz,FETY,data/processed/waveforms/usc000svyz_FETY.mseed,2014-11-10T06:16:51.540000Z,4.8,mwr,4.8,"1,3,5,10"
usc000t486,DKL,data/processed/waveforms/usc000t486_DKL.mseed,2014-12-06T06:21:05.060000Z,4.9,mwr,4.9,"1,3,5,10"
usc000t486,GADA,data/processed/waveforms/usc000t486_GADA.mseed,2014-12-06T06:21:19.100000Z,4.9,mwr,4.9,"1,3,5,10"
usp000gt21,CRLT,data/processed/waveforms/usp000gt21_CRLT.mseed,2009-01-24T15:58:47.660000Z,4.6,ml,4.4,"1,3,5,10"
usp000gt21,EDC,data/processed/waveforms/usp000gt21_EDC.mseed,2009-01-24T15:58:49.220000Z,4.6,ml,4.4,"1,3,5,10"
usp000gych,DALY,data/processed/waveforms/usp000gych_DALY.mseed,2009-06-19T14:05:26.460000Z,5.8,mwc,5.8,"1,3,5,10"
usp000gych,YER,data/processed/waveforms/usp000gych_YER.mseed,2009-06-19T14:05:31.700000Z,5.8,mwc,5.8,"1,3,5,10"
usp000gych,ELL,data/processed/waveforms/usp000gych_ELL.mseed,2009-06-19T14:06:15.560000Z,5.8,mwc,5.8,"1,3,5,10"
usp000gych,BCK,data/processed/waveforms/usp000gych_BCK.mseed,2009-06-19T14:05:45.200000Z,5.8,mwc,5.8,"1,3,5,10"
usp000gydg,KULA,data/processed/waveforms/usp000gydg_KULA.mseed,2009-06-20T08:28:54.580000Z,5.1,mwc,5.1,"1,3,5,10"
usp000gydg,BALB,data/processed/waveforms/usp000gydg_BALB.mseed,2009-06-20T08:29:00.360000Z,5.1,mwc,5.1,"1,3,5,10"
usp000gze0,CUKT,data/processed/waveforms/usp000gze0_CUKT.mseed,2009-07-18T20:32:53.700000Z,5.1,mwc,5.1,"1,3,5,10"
usp000gze0,SIRT,data/processed/waveforms/usp000gze0_SIRT.mseed,2009-07-18T20:32:59.620000Z,5.1,mwc,5.1,"1,3,5,10"
usp000gze0,MAZI,data/processed/waveforms/usp000gze0_MAZI.mseed,2009-07-18T20:33:17.840000Z,5.1,mwc,5.1,"1,3,5,10"
usp000gztb,ERZN,data/processed/waveforms/usp000gztb_ERZN.mseed,2009-07-30T07:37:51.700000Z,5.0,mwc,5.0,"1,3,5,10"
usp000gztb,PTK,data/processed/waveforms/usp000gztb_PTK.mseed,2009-07-30T07:38:05.000000Z,5.0,mwc,5.0,"1,3,5,10"
usp000gztb,BAYT,data/processed/waveforms/usp000gztb_BAYT.mseed,2009-07-30T07:38:07.100000Z,5.0,mwc,5.0,"1,3,5,10"
usp000gztb,ILIC,data/processed/waveforms/usp000gztb_ILIC.mseed,2009-07-30T07:38:08.940000Z,5.0,mwc,5.0,"1,3,5,10"
usp000h1ar,BCA,data/processed/waveforms/usp000h1ar_BCA.mseed,2009-09-07T22:42:07.140000Z,6.0,mwc,6.0,"1,3,5,10"
usp000h1ar,AGRB,data/processed/waveforms/usp000h1ar_AGRB.mseed,2009-09-07T22:42:27.060000Z,6.0,mwc,6.0,"1,3,5,10"
usp000h1ar,BAYT,data/processed/waveforms/usp000h1ar_BAYT.mseed,2009-09-07T22:42:29.960000Z,6.0,mwc,6.0,"1,3,5,10"
usp000h1ar,CLDR,data/processed/waveforms/usp000h1ar_CLDR.mseed,2009-09-07T22:42:33.340000Z,6.0,mwc,6.0,"1,3,5,10"
usp000h1da,KONT,data/processed/waveforms/usp000h1da_KONT.mseed,2009-09-10T18:29:56.500000Z,4.9,mwc,4.9,"1,3,5,10"
usp000h1da,LADK,data/processed/waveforms/usp000h1da_LADK.mseed,2009-09-10T18:29:59.440000Z,4.9,mwc,4.9,"1,3,5,10"
usp000h1da,SULT,data/processed/waveforms/usp000h1da_SULT.mseed,2009-09-10T18:30:11.800000Z,4.9,mwc,4.9,"1,3,5,10"
usp000h1da,HDMB,data/processed/waveforms/usp000h1da_HDMB.mseed,2009-09-10T18:30:12.420000Z,4.9,mwc,4.9,"1,3,5,10"
usp000h1dp,KONT,data/processed/waveforms/usp000h1dp_KONT.mseed,2009-09-11T01:58:33.740000Z,4.9,mwc,4.9,"1,3,5,10"
usp000h1dp,LADK,data/processed/waveforms/usp000h1dp_LADK.mseed,2009-09-11T01:58:36.680000Z,4.9,mwc,4.9,"1,3,5,10"
usp000h1dp,SULT,data/processed/waveforms/usp000h1dp_SULT.mseed,2009-09-11T01:58:46.480000Z,4.9,mwc,4.9,"1,3,5,10"
usp000h1dp,HDMB,data/processed/waveforms/usp000h1dp_HDMB.mseed,2009-09-11T01:58:50.580000Z,4.9,mwc,4.9,"1,3,5,10"
usp000h4qu,KULA,data/processed/waveforms/usp000h4qu_KULA.mseed,2009-12-04T06:02:32.620000Z,4.9,mwc,4.9,"1,3,5,10"
usp000h4qu,AYDB,data/processed/waveforms/usp000h4qu_AYDB.mseed,2009-12-04T06:02:35.120000Z,4.9,mwc,4.9,"1,3,5,10"
usp000h4qu,DALY,data/processed/waveforms/usp000h4qu_DALY.mseed,2009-12-04T06:02:41.660000Z,4.9,mwc,4.9,"1,3,5,10"
usp000h4qu,FETY,data/processed/waveforms/usp000h4qu_FETY.mseed,2009-12-04T06:02:44.880000Z,4.9,mwc,4.9,"1,3,5,10"
usp000h58s,LEF,data/processed/waveforms/usp000h58s_LEF.mseed,2009-12-22T06:06:41.980000Z,5.3,mwc,5.3,"1,3,5,10"
usp000h58s,ELL,data/processed/waveforms/usp000h58s_ELL.mseed,2009-12-22T06:06:55.660000Z,5.3,mwc,5.3,"1,3,5,10"
usp000h58s,LFK,data/processed/waveforms/usp000h58s_LFK.mseed,2009-12-22T06:06:50.880000Z,5.3,mwc,5.3,"1,3,5,10"
usp000h68q,DALY,data/processed/waveforms/usp000h68q_DALY.mseed,2010-01-17T20:17:06.360000Z,4.9,mwc,4.9,"1,3,5,10"
usp000h68q,FETY,data/processed/waveforms/usp000h68q_FETY.mseed,2010-01-17T20:16:37.940000Z,4.9,mwc,4.9,"1,3,5,10"
usp000h68q,BODT,data/processed/waveforms/usp000h68q_BODT.mseed,2010-01-17T20:16:36.160000Z,4.9,mwc,4.9,"1,3,5,10"
usp000h68q,ELL,data/processed/waveforms/usp000h68q_ELL.mseed,2010-01-17T20:17:59.380000Z,4.9,mwc,4.9,"1,3,5,10"
usp000h8xh,BNGB,data/processed/waveforms/usp000h8xh_BNGB.mseed,2010-03-08T07:47:49.420000Z,5.6,mwc,5.6,"1,3,5,10"
usp000h8xh,SVAN,data/processed/waveforms/usp000h8xh_SVAN.mseed,2010-03-08T07:48:00.340000Z,5.6,mwc,5.6,"1,3,5,10"
usp000h8xh,VRTB,data/processed/waveforms/usp000h8xh_VRTB.mseed,2010-03-08T07:48:01.080000Z,5.6,mwc,5.6,"1,3,5,10"
usp000h8xh,MAZI,data/processed/waveforms/usp000h8xh_MAZI.mseed,2010-03-08T07:48:04.340000Z,5.6,mwc,5.6,"1,3,5,10"
usp000h8yh,BNGB,data/processed/waveforms/usp000h8yh_BNGB.mseed,2010-03-08T15:05:02.000000Z,4.9,mwc,4.9,"1,3,5,10"
usp000h8yh,VRTB,data/processed/waveforms/usp000h8yh_VRTB.mseed,2010-03-08T15:05:14.060000Z,4.9,mwc,4.9,"1,3,5,10"
usp000h8yh,MAZI,data/processed/waveforms/usp000h8yh_MAZI.mseed,2010-03-08T15:05:17.240000Z,4.9,mwc,4.9,"1,3,5,10"
usp000hn37,FETY,data/processed/waveforms/usp000hn37_FETY.mseed,2010-10-14T09:08:35.640000Z,4.5,ml,4.33,"1,3,5,10"
usp000hn37,DALY,data/processed/waveforms/usp000hn37_DALY.mseed,2010-10-14T09:08:41.740000Z,4.5,ml,4.33,"1,3,5,10"
usp000hnya,GELI,data/processed/waveforms/usp000hnya_GELI.mseed,2010-11-03T02:51:31.540000Z,5.3,mwc,5.3,"1,3,5,10"
usp000hnya,ERIK,data/processed/waveforms/usp000hnya_ERIK.mseed,2010-11-03T02:51:33.800000Z,5.3,mwc,5.3,"1,3,5,10"
usp000hnya,GADA,data/processed/waveforms/usp000hnya_GADA.mseed,2010-11-03T02:51:35.020000Z,5.3,mwc,5.3,"1,3,5,10"
usp000hnya,EZN,data/processed/waveforms/usp000hnya_EZN.mseed,2010-11-03T02:51:38.880000Z,5.3,mwc,5.3,"1,3,5,10"
usp000hpe2,AYDB,data/processed/waveforms/usp000hpe2_AYDB.mseed,2010-11-11T20:08:09.780000Z,5.0,mwc,5.0,"1,3,5,10"
usp000hpe2,BLCB,data/processed/waveforms/usp000hpe2_BLCB.mseed,2010-11-11T20:08:06.460000Z,5.0,mwc,5.0,"1,3,5,10"
usp000hpe2,MLSB,data/processed/waveforms/usp000hpe2_MLSB.mseed,2010-11-11T20:08:14.120000Z,5.0,mwc,5.0,"1,3,5,10"
usp000hpe2,KULA,data/processed/waveforms/usp000hpe2_KULA.mseed,2010-11-11T20:08:25.700000Z,5.0,mwc,5.0,"1,3,5,10"
usp000hpnf,TAHT,data/processed/waveforms/usp000hpnf_TAHT.mseed,2010-11-14T23:08:31.640000Z,4.9,mwc,4.9,"1,3,5,10"
usp000htbr,KARS,data/processed/waveforms/usp000htbr_KARS.mseed,2011-01-19T09:18:14.460000Z,5.2,mwr,5.2,"1,3,5,10"
usp000htbr,KTUT,data/processed/waveforms/usp000htbr_KTUT.mseed,2011-01-19T09:18:30.540000Z,5.2,mwr,5.2,"1,3,5,10"
usp000htbr,AGRB,data/processed/waveforms/usp000htbr_AGRB.mseed,2011-01-19T09:18:33.940000Z,5.2,mwr,5.2,"1,3,5,10"
usp000htbr,BAYT,data/processed/waveforms/usp000htbr_BAYT.mseed,2011-01-19T09:18:32.480000Z,5.2,mwr,5.2,"1,3,5,10"
usp000hz2h,YER,data/processed/waveforms/usp000hz2h_YER.mseed,2011-04-01T13:29:44.620000Z,6.0,mww,6.0,"1,3,5,10"
usp000hz2h,DALY,data/processed/waveforms/usp000hz2h_DALY.mseed,2011-04-01T13:29:45.020000Z,6.0,mww,6.0,"1,3,5,10"
usp000hz2h,FETY,data/processed/waveforms/usp000hz2h_FETY.mseed,2011-04-01T13:29:46.900000Z,6.0,mww,6.0,"1,3,5,10"
usp000hz2h,AYDB,data/processed/waveforms/usp000hz2h_AYDB.mseed,2011-04-01T13:29:51.400000Z,6.0,mww,6.0,"1,3,5,10"
usp000j1up,TVSB,data/processed/waveforms/usp000j1up_TVSB.mseed,2011-05-19T20:15:31.880000Z,5.8,mww,5.8,"1,3,5,10"
usp000j1up,KULA,data/processed/waveforms/usp000j1up_KULA.mseed,2011-05-19T20:15:37.180000Z,5.8,mww,5.8,"1,3,5,10"
usp000j1up,BALB,data/processed/waveforms/usp000j1up_BALB.mseed,2011-05-19T20:15:45.180000Z,5.8,mww,5.8,"1,3,5,10"
usp000j1up,CAVI,data/processed/waveforms/usp000j1up_CAVI.mseed,2011-05-19T20:15:47.220000Z,5.8,mww,5.8,"1,3,5,10"
usp000j2b5,TVSB,data/processed/waveforms/usp000j2b5_TVSB.mseed,2011-05-28T05:47:26.680000Z,4.8,mwr,4.8,"1,3,5,10"
usp000j2b5,KULA,data/processed/waveforms/usp000j2b5_KULA.mseed,2011-05-28T05:47:30.440000Z,4.8,mwr,4.8,"1,3,5,10"
usp000j2b5,BALB,data/processed/waveforms/usp000j2b5_BALB.mseed,2011-05-28T05:47:38.600000Z,4.8,mwr,4.8,"1,3,5,10"
usp000j2b5,CAVI,data/processed/waveforms/usp000j2b5_CAVI.mseed,2011-05-28T05:50:10.120000Z,4.8,mwr,4.8,"1,3,5,10"
usp000j3ku,SVRC,data/processed/waveforms/usp000j3ku_SVRC.mseed,2011-06-23T07:34:49.600000Z,5.2,mwr,5.2,"1,3,5,10"
usp000j3ku,PTK,data/processed/waveforms/usp000j3ku_PTK.mseed,2011-06-23T07:34:51.080000Z,5.2,mwr,5.2,"1,3,5,10"
usp000j3ku,ERZN,data/processed/waveforms/usp000j3ku_ERZN.mseed,2011-06-23T07:35:02.660000Z,5.2,mwr,5.2,"1,3,5,10"
usp000j3ku,YEDI,data/processed/waveforms/usp000j3ku_YEDI.mseed,2011-06-23T07:35:06.880000Z,5.2,mwr,5.2,"1,3,5,10"
usp000j3ur,GEDZ,data/processed/waveforms/usp000j3ur_GEDZ.mseed,2011-06-27T21:14:05.630000Z,4.7,mwr,4.7,"1,3,5,10"
usp000j3ur,TVSB,data/processed/waveforms/usp000j3ur_TVSB.mseed,2011-06-27T21:14:08.320000Z,4.7,mwr,4.7,"1,3,5,10"
usp000j3ur,KULA,data/processed/waveforms/usp000j3ur_KULA.mseed,2011-06-27T21:14:12.220000Z,4.7,mwr,4.7,"1,3,5,10"
usp000j3ur,BALB,data/processed/waveforms/usp000j3ur_BALB.mseed,2011-06-27T21:14:20.340000Z,4.7,mwr,4.7,"1,3,5,10"
usp000j5g9,MRMT,data/processed/waveforms/usp000j5g9_MRMT.mseed,2011-07-25T17:57:26.340000Z,5.1,mwc,5.1,"1,3,5,10"
usp000j5g9,CRLT,data/processed/waveforms/usp000j5g9_CRLT.mseed,2011-07-25T17:57:28.460000Z,5.1,mwc,5.1,"1,3,5,10"
usp000j5g9,RKY,data/processed/waveforms/usp000j5g9_RKY.mseed,2011-07-25T17:57:30.440000Z,5.1,mwc,5.1,"1,3,5,10"
usp000j5g9,EDC,data/processed/waveforms/usp000j5g9_EDC.mseed,2011-07-25T17:57:30.960000Z,5.1,mwc,5.1,"1,3,5,10"
usp000j5js,LADK,data/processed/waveforms/usp000j5js_LADK.mseed,2011-07-27T09:58:22.060000Z,4.8,mwc,4.8,"1,3,5,10"
usp000j5js,KONT,data/processed/waveforms/usp000j5js_KONT.mseed,2011-07-27T09:58:24.660000Z,4.8,mwc,4.8,"1,3,5,10"
usp000j5js,CHBY,data/processed/waveforms/usp000j5js_CHBY.mseed,2011-07-27T09:58:29.940000Z,4.8,mwc,4.8,"1,3,5,10"
usp000j5js,SHUT,data/processed/waveforms/usp000j5js_SHUT.mseed,2011-07-27T09:58:34.940000Z,4.8,mwc,4.8,"1,3,5,10"
usp000j5js,SVRH,data/processed/waveforms/usp000j5js_SVRH.mseed,2011-07-27T09:58:37.200000Z,4.8,mwc,4.8,"1,3,5,10"
usp000j9rr,AGRB,data/processed/waveforms/usp000j9rr_AGRB.mseed,2011-10-23T10:41:38.900000Z,7.1,mww,7.1,"1,3,5,10"
usp000j9rr,CUKT,data/processed/waveforms/usp000j9rr_CUKT.mseed,2011-10-23T10:41:50.260000Z,7.1,mww,7.1,"1,3,5,10"
usp000j9rr,VRTB,data/processed/waveforms/usp000j9rr_VRTB.mseed,2011-10-23T10:41:51.520000Z,7.1,mww,7.1,"1,3,5,10"
usp000j9t0,VANB,data/processed/waveforms/usp000j9t0_VANB.mseed,2011-10-23T18:10:52.120000Z,5.1,mwc,5.1,"1,3,5,10"
usp000j9t0,AGRB,data/processed/waveforms/usp000j9t0_AGRB.mseed,2011-10-23T18:11:02.600000Z,5.1,mwc,5.1,"1,3,5,10"
usp000j9t0,CUKT,data/processed/waveforms/usp000j9t0_CUKT.mseed,2011-10-23T18:11:16.780000Z,5.1,mwc,5.1,"1,3,5,10"
usp000j9t0,VRTB,data/processed/waveforms/usp000j9t0_VRTB.mseed,2011-10-23T18:11:13.520000Z,5.1,mwc,5.1,"1,3,5,10"
usp000j9t8,AGRB,data/processed/waveforms/usp000j9t8_AGRB.mseed,2011-10-23T20:45:52.760000Z,5.9,mww,5.9,"1,3,5,10"
usp000j9t8,VRTB,data/processed/waveforms/usp000j9t8_VRTB.mseed,2011-10-23T20:46:01.740000Z,5.9,mww,5.9,"1,3,5,10"
usp000j9t8,CUKT,data/processed/waveforms/usp000j9t8_CUKT.mseed,2011-10-23T20:46:04.960000Z,5.9,mww,5.9,"1,3,5,10"
usp000j9t8,SVAN,data/processed/waveforms/usp000j9t8_SVAN.mseed,2011-10-23T20:46:05.340000Z,5.9,mww,5.9,"1,3,5,10"
usp000j9ub,CUKT,data/processed/waveforms/usp000j9ub_CUKT.mseed,2011-10-24T08:49:51.940000Z,4.8,mwc,4.8,"1,3,5,10"
usp000j9ub,VRTB,data/processed/waveforms/usp000j9ub_VRTB.mseed,2011-10-24T08:49:52.360000Z,4.8,mwc,4.8,"1,3,5,10"
usp000j9ub,SVAN,data/processed/waveforms/usp000j9ub_SVAN.mseed,2011-10-24T08:50:51.200000Z,4.8,mwc,4.8,"1,3,5,10"
usp000j9ur,AGRB,data/processed/waveforms/usp000j9ur_AGRB.mseed,2011-10-24T15:28:23.560000Z,5.0,mwc,5.0,"1,3,5,10"
usp000j9ur,VRTB,data/processed/waveforms/usp000j9ur_VRTB.mseed,2011-10-24T15:28:34.580000Z,5.0,mwc,5.0,"1,3,5,10"
usp000j9ur,CUKT,data/processed/waveforms/usp000j9ur_CUKT.mseed,2011-10-24T15:28:37.440000Z,5.0,mwc,5.0,"1,3,5,10"
usp000j9xd,AGRB,data/processed/waveforms/usp000j9xd_AGRB.mseed,2011-10-26T03:16:35.980000Z,4.8,mwc,4.8,"1,3,5,10"
usp000j9xd,VRTB,data/processed/waveforms/usp000j9xd_VRTB.mseed,2011-10-26T03:16:46.880000Z,4.8,mwc,4.8,"1,3,5,10"
usp000j9xd,CUKT,data/processed/waveforms/usp000j9xd_CUKT.mseed,2011-10-26T03:16:50.600000Z,4.8,mwc,4.8,"1,3,5,10"
usp000j9xd,SVAN,data/processed/waveforms/usp000j9xd_SVAN.mseed,2011-10-26T03:17:14.980000Z,4.8,mwc,4.8,"1,3,5,10"
usp000ja3h,AGRB,data/processed/waveforms/usp000ja3h_AGRB.mseed,2011-10-29T22:24:38.260000Z,5.1,mwc,5.1,"1,3,5,10"
usp000ja3h,CUKT,data/processed/waveforms/usp000ja3h_CUKT.mseed,2011-10-29T22:24:55.220000Z,5.1,mwc,5.1,"1,3,5,10"
usp000ja3h,VRTB,data/processed/waveforms/usp000ja3h_VRTB.mseed,2011-10-29T22:24:53.940000Z,5.1,mwc,5.1,"1,3,5,10"
usp000ja3h,SENK,data/processed/waveforms/usp000ja3h_SENK.mseed,2011-10-29T22:25:01.500000Z,5.1,mwc,5.1,"1,3,5,10"
usp000jadk,AGRB,data/processed/waveforms/usp000jadk_AGRB.mseed,2011-11-06T02:43:27.620000Z,4.8,mwc,4.8,"1,3,5,10"
usp000jadk,VRTB,data/processed/waveforms/usp000jadk_VRTB.mseed,2011-11-06T02:43:46.000000Z,4.8,mwc,4.8,"1,3,5,10"
usp000javz,CLDR,data/processed/waveforms/usp000javz_CLDR.mseed,2011-11-14T22:08:29.700000Z,5.2,mwc,5.2,"1,3,5,10"
usp000javz,AGRB,data/processed/waveforms/usp000javz_AGRB.mseed,2011-11-14T22:08:31.340000Z,5.2,mwc,5.2,"1,3,5,10"
usp000javz,VRTB,data/processed/waveforms/usp000javz_VRTB.mseed,2011-11-14T22:08:42.220000Z,5.2,mwc,5.2,"1,3,5,10"
usp000javz,CUKT,data/processed/waveforms/usp000javz_CUKT.mseed,2011-11-14T22:08:43.020000Z,5.2,mwc,5.2,"1,3,5,10"
usp000jb2m,CLDR,data/processed/waveforms/usp000jb2m_CLDR.mseed,2011-11-18T17:39:46.580000Z,4.9,mwc,4.9,"1,3,5,10"
usp000jb2m,AGRB,data/processed/waveforms/usp000jb2m_AGRB.mseed,2011-11-18T17:39:58.280000Z,4.9,mwc,4.9,"1,3,5,10"
usp000jb2m,TASB,data/processed/waveforms/usp000jb2m_TASB.mseed,2011-11-18T17:40:54.060000Z,4.9,mwc,4.9,"1,3,5,10"
usp000jb2m,CUKT,data/processed/waveforms/usp000jb2m_CUKT.mseed,2011-11-18T17:40:12.800000Z,4.9,mwc,4.9,"1,3,5,10"
usp000jbmn,CLDR,data/processed/waveforms/usp000jbmn_CLDR.mseed,2011-11-30T00:47:37.400000Z,5.4,mwc,5.4,"1,3,5,10"
usp000jbmn,AGRB,data/processed/waveforms/usp000jbmn_AGRB.mseed,2011-11-30T00:47:45.400000Z,5.4,mwc,5.4,"1,3,5,10"
usp000jbmn,CUKT,data/processed/waveforms/usp000jbmn_CUKT.mseed,2011-11-30T00:47:47.580000Z,5.4,mwc,5.4,"1,3,5,10"
usp000jbmn,TASB,data/processed/waveforms/usp000jbmn_TASB.mseed,2011-11-30T00:48:46.180000Z,5.4,mwc,5.4,"1,3,5,10"
usp000jbuq,DKL,data/processed/waveforms/usp000jbuq_DKL.mseed,2011-12-05T08:17:38.020000Z,4.8,mwc,4.8,"1,3,5,10"
usp000jbuq,EZN,data/processed/waveforms/usp000jbuq_EZN.mseed,2011-12-05T08:17:46.380000Z,4.8,mwc,4.8,"1,3,5,10"
usp000jjyr,SIMA,data/processed/waveforms/usp000jjyr_SIMA.mseed,2012-05-03T15:20:29.310000Z,5.2,mwb,5.2,"1,3,5,10"
usp000jjyr,TVSB,data/processed/waveforms/usp000jjyr_TVSB.mseed,2012-05-03T15:20:33.600000Z,5.2,mwb,5.2,"1,3,5,10"
usp000jjyr,KULA,data/processed/waveforms/usp000jjyr_KULA.mseed,2012-05-03T15:20:40.040000Z,5.2,mwb,5.2,"1,3,5,10"
usp000jjyr,BALB,data/processed/waveforms/usp000jjyr_BALB.mseed,2012-05-03T15:20:48.080000Z,5.2,mwb,5.2,"1,3,5,10"
usp000jmkj,FETY,data/processed/waveforms/usp000jmkj_FETY.mseed,2012-06-10T12:44:22.240000Z,6.0,mww,6.0,"1,3,5,10"
usp000jmkj,DALY,data/processed/waveforms/usp000jmkj_DALY.mseed,2012-06-10T12:44:25.920000Z,6.0,mww,6.0,"1,3,5,10"
usp000jmkw,FETY,data/processed/waveforms/usp000jmkw_FETY.mseed,2012-06-10T18:28:38.760000Z,4.5,ml,4.33,"1,3,5,10"
usp000jmkw,DALY,data/processed/waveforms/usp000jmkw_DALY.mseed,2012-06-10T18:28:43.000000Z,4.5,ml,4.33,"1,3,5,10"
usp000jn7f,FETY,data/processed/waveforms/usp000jn7f_FETY.mseed,2012-06-25T13:05:34.880000Z,5.0,mw,5.0,"1,3,5,10"
usp000jn7f,DALY,data/processed/waveforms/usp000jn7f_DALY.mseed,2012-06-25T13:05:38.880000Z,5.0,mw,5.0,"1,3,5,10"
usp000jn7f,DEMR,data/processed/waveforms/usp000jn7f_DEMR.mseed,2012-06-25T13:05:46.660000Z,5.0,mw,5.0,"1,3,5,10"
usp000jnt4,FETY,data/processed/waveforms/usp000jnt4_FETY.mseed,2012-07-09T13:55:18.640000Z,5.6,mww,5.6,"1,3,5,10"
usp000jnt4,DALY,data/processed/waveforms/usp000jnt4_DALY.mseed,2012-07-09T13:55:21.500000Z,5.6,mww,5.6,"1,3,5,10"
usp000jxaj,BCA,data/processed/waveforms/usp000jxaj_BCA.mseed,2012-12-23T13:31:59.280000Z,5.7,mww,5.7,"1,3,5,10"
usp000jxaj,CHOM,data/processed/waveforms/usp000jxaj_CHOM.mseed,2012-12-23T13:32:03.420000Z,5.7,mww,5.7,"1,3,5,10"
usp000jxaj,CHAY,data/processed/waveforms/usp000jxaj_CHAY.mseed,2012-12-23T13:32:03.430000Z,5.7,mww,5.7,"1,3,5,10"
usp000jxdg,BCA,data/processed/waveforms/usp000jxdg_BCA.mseed,2012-12-25T22:44:52.860000Z,5.2,mwb,5.2,"1,3,5,10"
usp000jxdg,CHOM,data/processed/waveforms/usp000jxdg_CHOM.mseed,2012-12-25T22:44:56.720000Z,5.2,mwb,5.2,"1,3,5,10"
usp000jxdg,CHAY,data/processed/waveforms/usp000jxdg_CHAY.mseed,2012-12-25T22:44:57.230000Z,5.2,mwb,5.2,"1,3,5,10"
usp000jybv,GADA,data/processed/waveforms/usp000jybv_GADA.mseed,2013-01-13T08:55:26.760000Z,4.5,mwr,4.5,"1,3,5,10"
usp000jybv,EZN,data/processed/waveforms/usp000jybv_EZN.mseed,2013-01-13T08:55:27.020000Z,4.5,mwr,4.5,"1,3,5,10"
